hotspot_id,hotspot_name,hotspot_type,police_station,latitude,longitude,total_violations,total_weeks_active,first_active_week,last_active_week,mean_weekly_recent,mean_weekly_prior,stdev_weekly_prior,drift_score_raw,drift_score,drift_status,hotspot_severity,pcis_score
N-6fcdb24b,"BTP080 - NR Road, SP Road Junction",Named Junction,City Market,12.9633173,77.5812116,331,22,2023-W45,2024-W14,43.5,2.25,2.2776,12.5854,100.0,Emerging,45.46,
N-0ebfa5bc,"BTP186 - 9th Cross, 4th Main, Jayanagar",Named Junction,Wilson Garden,12.939458,77.5838612,443,23,2023-W45,2024-W15,85.25,5.0,6.5574,10.6187,100.0,Emerging,39.93,
N-98d1ff4a,"BTP163 - 16th Main Road, BTM Layout",Named Junction,Mico Layout,12.9149953,77.6085201,289,21,2023-W46,2024-W14,17.25,0.75,0.8292,9.0206,95.1,Emerging,42.92,
N-7952534b,"BTP024 - NPS, Vijayanagar",Named Junction,Magadi Road,12.9826246,77.548865,500,21,2023-W46,2024-W14,78.5,8.5,8.9582,7.0294,85.15,Emerging,47.18,
N-d4211aeb,BTP030 - Mekhri Circle,Named Junction,Sadashivanagar,13.0114713,77.5835619,54,21,2023-W46,2024-W14,10.25,0.25,0.433,6.9783,84.89,Emerging,24.09,
N-721433da,BTP009 - Prakash Nagar Junction,Named Junction,Rajajinagar,12.9925179,77.5576327,178,23,2023-W45,2024-W15,5.25,0.0,0.0,5.25,76.25,Emerging,36.01,
N-37c53a41,BTP215 - Vanivillas Junction,Named Junction,Basavanagudi,12.9458666,77.5702647,338,23,2023-W45,2024-W15,26.5,6.0,2.9155,5.2356,76.18,Emerging,45.03,
N-ea777e73,"BTP186 - 9th Cross, 4th Main, Jayanagar",Named Junction,Basavanagudi,12.9387561,77.5791377,87,20,2023-W47,2024-W14,10.5,1.75,1.0897,4.1872,70.94,Emerging,25.38,
N-8c66f5d9,BTP063 - Siddalingaiah Circle,Named Junction,Halasuru Gate,12.9708693,77.5927746,69,22,2023-W45,2024-W14,9.75,1.5,1.118,3.8951,69.48,Emerging,24.76,
N-6277ce3c,"BTP026 - 1st Block Junction, Rajajinagar",Named Junction,Malleshwaram,13.0024745,77.5501316,916,22,2023-W45,2024-W14,39.75,18.75,4.603,3.748,68.74,Emerging,49.52,
N-be554482,"BTP089 - Police Quarters, Sultan Road",Named Junction,Chamarajpet,12.9609831,77.5635329,80,22,2023-W45,2024-W14,10.0,1.5,1.6583,3.1975,65.99,Emerging,30.04,
N-5400024e,BTP052 - CID Carlton House Junction,Named Junction,Cubbon Park,12.9809066,77.5882144,151,21,2023-W46,2024-W14,5.25,0.5,0.5,3.1667,65.83,Emerging,33.63,
N-b672bf35,BTP041 - Gopal Gowda Circle,Named Junction,Cubbon Park,12.9772959,77.5902652,287,22,2023-W45,2024-W14,23.5,3.75,5.4025,3.0847,65.42,Emerging,44.47,
N-1b2baade,"BTP117 - 9th Cross, Kanakapura Road",Named Junction,J.P. Nagar,12.9108194,77.5736923,80,21,2023-W45,2024-W13,13.75,2.5,2.8723,2.9053,64.53,Emerging,39.15,
N-f7fe5406,BTP184 - Lalbagh West Gate,Named Junction,Wilson Garden,12.9485192,77.5805975,66,22,2023-W46,2024-W15,7.75,1.25,1.299,2.8273,64.14,Emerging,21.43,
N-85c545c1,BTP027 - Modi Bridge Junction,Named Junction,Rajajinagar,12.9992733,77.5493148,2186,23,2023-W45,2024-W15,87.25,46.5,16.225,2.3658,61.83,Emerging,54.42,
N-f67b4e1e,"BTP062 - Basava Mantapa, Dr. Rajkumar Road",Named Junction,Magadi Road,12.9799118,77.5546504,370,23,2023-W45,2024-W15,19.25,8.25,3.7666,2.3077,61.54,Emerging,48.79,
N-fbf17e0c,"BTP202 - East End Main Road, Jayanagar",Named Junction,Jayanagara,12.9173464,77.5968095,77,22,2023-W45,2024-W14,6.25,1.5,1.118,2.2426,61.21,Emerging,31.23,
N-d04dce8f,BTP054 - Shivananda Circle,Named Junction,High ground,12.9856733,77.579324,507,22,2023-W45,2024-W14,23.25,10.5,5.1235,2.0822,60.41,Emerging,48.34,
N-3c095b83,BTP132 - Anepalya Junction,Named Junction,Ashok Nagar,12.9515994,77.6071144,103,19,2023-W48,2024-W14,9.0,2.5,2.2913,1.9749,59.87,Emerging,33.84,
N-b4ff394b,BTP133 - Adugodi Junction,Named Junction,Adugodi,12.9418536,77.6086067,65,21,2023-W46,2024-W14,9.75,4.5,1.6583,1.9749,59.87,Emerging,28.43,
N-936fc9f8,BTP069 - MC Circle,Named Junction,Vijayanagara,12.9744703,77.5472796,586,21,2023-W46,2024-W14,52.25,25.25,12.696,1.9714,59.86,Emerging,47.37,
N-209451fb,BTP108 - Tagore Park Junction,Named Junction,Basavanagudi,12.9439012,77.5714312,1472,23,2023-W45,2024-W15,85.75,57.0,16.6283,1.6309,58.15,Emerging,54.28,
N-2a4ca7e5,BTP214 - 5th Main Chamrajpet Junction,Named Junction,Vijayanagara,12.9759017,77.5315566,77,20,2023-W46,2024-W13,7.0,2.25,1.9203,1.6266,58.13,Emerging,25.25,
N-04746066,"BTP011 - RR Kalyana Mantapa, Dr. Rajkumar Road",Named Junction,Rajajinagar,12.9936333,77.5537389,941,22,2023-W45,2024-W14,57.75,50.25,3.8971,1.5315,57.66,Emerging,58.7,
N-48d60f8c,BTP037 - KR Circle,Named Junction,Cubbon Park,12.9766125,77.5885171,110,23,2023-W45,2024-W15,4.5,0.75,0.433,2.6169,63.08,Low Activity,33.02,
N-5c1bf5f3,BTP187 - South End Circle,Named Junction,Wilson Garden,12.9376297,77.5837723,24,22,2023-W45,2024-W14,2.5,0.0,0.0,2.5,62.5,Low Activity,15.81,
N-073939d0,BTP214 - 5th Main Chamrajpet Junction,Named Junction,V.V.Puram (C.Pet),12.9557948,77.5674536,11,15,2023-W50,2024-W12,2.5,0.0,0.0,2.5,62.5,Low Activity,11.52,
N-0da7c5ce,BTP017 - Attiguppe Circle,Named Junction,Vijayanagara,12.9605165,77.5343879,28,18,2023-W48,2024-W13,3.75,0.25,0.433,2.4424,62.21,Low Activity,14.84,
N-d9734b73,BTP006 - Navarang Bar Junction,Named Junction,Rajajinagar,12.9909781,77.5575959,38,23,2023-W45,2024-W15,3.25,0.25,0.433,2.0935,60.47,Low Activity,21.18,
N-d40fa43d,"BTP127 - Sagar Hospital, Jayanagar",Named Junction,Mico Layout,12.9309902,77.6023945,12,20,2023-W47,2024-W14,2.0,0.0,0.0,2.0,60.0,Low Activity,12.42,
N-489f153c,"BTP024 - NPS, Vijayanagar",Named Junction,Rajajinagar,12.9855298,77.5494596,18,19,2023-W48,2024-W14,2.0,0.0,0.0,2.0,60.0,Low Activity,13.43,
N-556aa253,BTP196 - Sarakki Main Road,Named Junction,J.P. Nagar,12.9109965,77.5783382,69,21,2023-W45,2024-W13,3.0,0.25,0.433,1.919,59.59,Low Activity,37.83,
N-ffc29702,"BTP179 - 9th Block, 28th Main, Jayanagar",Named Junction,Jayanagara,12.9170085,77.5950962,55,21,2023-W46,2024-W14,3.25,0.5,0.5,1.8333,59.17,Low Activity,26.57,
N-eef88391,BTP193 - Vasavi Circle,Named Junction,Basavanagudi,12.9482165,77.5764891,8,14,2024-W02,2024-W15,1.75,0.0,0.0,1.75,58.75,Low Activity,7.19,
N-d80c1de9,BTP157 - Kadirenahalli Cross,Named Junction,K.S. Layout,12.912765,77.5670724,12,17,2023-W50,2024-W14,1.75,0.0,0.0,1.75,58.75,Low Activity,13.91,
N-9790a22e,"BTP093 - Toll Gate, Mysore Road",Named Junction,Byatarayanapura,12.9569524,77.5505674,9,18,2023-W46,2024-W11,1.75,0.0,0.0,1.75,58.75,Low Activity,11.1,
N-b0afb329,BTP134 - Mico Bande,Named Junction,Adugodi,12.945152,77.602685,30,20,2023-W45,2024-W12,2.75,0.25,0.433,1.7446,58.72,Low Activity,23.44,
N-5f0c2ed2,BTP222 - Delmia Circle,Named Junction,J.P. Nagar,12.9059328,77.5926362,77,22,2023-W45,2024-W14,4.5,0.75,1.299,1.6311,58.16,Low Activity,28.76,
N-a7b466f4,BTP122 - Siddapura Junction,Named Junction,Wilson Garden,12.9484003,77.5927961,129,22,2023-W45,2024-W14,8.25,3.0,2.5495,1.4791,57.4,Stable,35.36,
N-0aa863b9,BTP074 - Leprosy Hospital Junction,Named Junction,Magadi Road,12.9758469,77.5617957,814,23,2023-W45,2024-W15,61.25,34.25,17.7112,1.443,57.21,Stable,52.53,
N-b04a2733,BTP208 - Havanur Circle,Named Junction,Magadi Road,12.9872026,77.5376829,92,22,2023-W45,2024-W14,7.75,3.25,2.1651,1.4218,57.11,Stable,27.49,
N-99edbc8e,"BTP093 - Toll Gate, Mysore Road",Named Junction,Magadi Road,12.9600387,77.5516903,32,21,2023-W46,2024-W14,5.0,1.25,1.6394,1.4208,57.1,Stable,21.93,
N-3b230695,"BTP159 - JP Nagar Metro, ORR",Named Junction,J.P. Nagar,12.905873,77.5735905,58,22,2023-W45,2024-W14,6.75,2.0,2.3452,1.4199,57.1,Stable,23.32,
N-77d8627d,"BTP191 - 40th Cross, 4th Main, Jayanagar",Named Junction,Jayanagara,12.9201062,77.5822013,90,22,2023-W45,2024-W14,6.0,2.75,1.299,1.4136,57.07,Stable,32.82,
N-6d9566a3,BTP185 - RV Teachers College,Named Junction,Basavanagudi,12.9447842,77.5798748,37,20,2023-W47,2024-W14,2.25,0.25,0.433,1.3957,56.98,Stable,18.16,
N-59a97111,BTP057 - Anand Rao Junction,Named Junction,Upparpet,12.9792514,77.5744493,2984,23,2023-W45,2024-W15,144.75,112.25,22.5652,1.3792,56.9,Stable,59.17,
N-3644eecf,BTP008 - Navarang Theatre,Named Junction,Malleshwaram,12.9985781,77.5530362,812,23,2023-W45,2024-W15,59.5,31.5,19.5,1.3659,56.83,Stable,50.29,
N-9a46dcad,BTP047 - Vidhan Soudha Metro Station,Named Junction,Cubbon Park,12.979836,77.5925128,189,23,2023-W45,2024-W15,4.75,1.25,1.6394,1.3261,56.63,Stable,37.7,
N-51107403,BTP126 - Dairy Circle,Named Junction,Wilson Garden,12.9373618,77.5999048,42,22,2023-W45,2024-W14,5.25,2.25,1.299,1.3049,56.52,Stable,25.04,
N-ec332a74,BTP154 - Itmadu Junction,Named Junction,Banashankari,12.9297912,77.546565,7,17,2023-W50,2024-W14,1.25,0.0,0.0,1.25,56.25,Stable,10.23,
N-d1d43be0,BTP038 - Mysore Bank Junction,Named Junction,City Market,12.9706635,77.5797355,50,21,2023-W45,2024-W13,1.25,0.0,0.0,1.25,56.25,Stable,22.02,
N-9b31b509,"BTP123 - 10th Cross, Wilson Garden",Named Junction,Adugodi,12.9438538,77.597227,7,20,2023-W47,2024-W14,1.25,0.0,0.0,1.25,56.25,Stable,7.06,
N-516c606d,"BTP159 - JP Nagar Metro, ORR",Named Junction,K.S. Layout,12.9073474,77.5716624,22,20,2023-W47,2024-W14,2.5,0.75,0.433,1.2212,56.11,Stable,20.9,
N-595a75cd,"BTP123 - 10th Cross, Wilson Garden",Named Junction,Wilson Garden,12.9460309,77.5960577,490,23,2023-W45,2024-W15,47.25,26.5,16.5605,1.1816,55.91,Stable,48.48,
N-7231211d,BTP184 - Lalbagh West Gate,Named Junction,Basavanagudi,12.9479605,77.5798414,88,23,2023-W45,2024-W15,7.75,2.75,3.2692,1.1712,55.86,Stable,25.68,
N-a33038d5,"BTP204 - ESI Hospital, Rajajinagar",Named Junction,Rajajinagar,12.9903589,77.553735,512,22,2023-W46,2024-W15,36.75,20.25,13.103,1.17,55.85,Stable,50.37,
N-d3aa905e,BTP205 - Modi Hospital Junction,Named Junction,Rajajinagar,12.9976781,77.5475278,29,20,2023-W47,2024-W14,2.25,0.5,0.5,1.1667,55.83,Stable,23.06,
N-e6193522,BTP167 - JC Road Junction,Named Junction,City Market,12.95826,77.5812433,306,22,2023-W45,2024-W14,26.25,15.75,8.3479,1.1232,55.62,Stable,46.61,
N-625e9a59,BTP063 - Siddalingaiah Circle,Named Junction,Cubbon Park,12.971578,77.5970112,851,23,2023-W45,2024-W15,34.0,24.25,7.8222,1.1052,55.53,Stable,52.24,
N-ab502c40,BTP091 - Sirsi Circle,Named Junction,Chamarajpet,12.960471,77.5600308,108,21,2023-W46,2024-W14,14.25,6.5,6.2249,1.0727,55.36,Stable,32.79,
N-2e6c4e7b,BTP214 - 5th Main Chamrajpet Junction,Named Junction,Chamarajpet,12.9580301,77.5672278,58,21,2023-W45,2024-W13,2.5,0.5,0.866,1.0718,55.36,Stable,25.5,
N-428a64fd,BTP155 - Katriguppe Junction,Named Junction,Banashankari,12.9266994,77.5507429,301,22,2023-W45,2024-W14,31.25,11.5,17.6423,1.0594,55.3,Stable,38.24,
N-c9fa6f77,BTP020 - Hosahalli Metro Station,Named Junction,Magadi Road,12.9710538,77.5465548,30,21,2023-W45,2024-W13,1.75,0.25,0.433,1.0467,55.23,Stable,23.18,
N-67e82c92,"BTP113 - 27th Cross, Pai Vista, KR Road",Named Junction,Banashankari,12.9175475,77.5731119,109,22,2023-W45,2024-W14,6.25,2.25,2.8614,1.0359,55.18,Stable,31.86,
N-de2f9300,"BTP110 - Bharathi Nursing Home, Basavanagudi",Named Junction,Basavanagudi,12.9374296,77.5723053,7,14,2024-W01,2024-W14,1.0,0.0,0.0,1.0,55.0,Stable,6.73,
N-2007404e,BTP156 - Kamakya Junction,Named Junction,Banashankari,12.9237198,77.5536057,8,16,2023-W51,2024-W14,1.0,0.0,0.0,1.0,55.0,Stable,16.58,
N-d625c0a9,BTP134 - Mico Bande,Named Junction,Wilson Garden,12.9484892,77.6018453,6,18,2023-W46,2024-W11,1.0,0.0,0.0,1.0,55.0,Stable,7.19,
N-e011da3c,BTP136 - Hosur-Tavarkere Road Junction,Named Junction,Adugodi,12.9370041,77.6101273,50,21,2023-W46,2024-W14,4.25,2.0,1.4142,0.932,54.66,Stable,26.44,
N-82a2a9e2,"BTP182 - 19th Main Junction, Rajajinagar",Named Junction,Rajajinagar,12.996562,77.5515603,261,23,2023-W45,2024-W15,21.75,13.0,9.083,0.8678,54.34,Stable,42.06,
N-f54bc40a,BTP218 - Syndicate Bank Junction,Named Junction,Wilson Garden,12.9369154,77.5849353,109,19,2023-W45,2024-W11,11.0,6.25,4.4931,0.8647,54.32,Stable,32.33,
N-51b0b4b8,BTP038 - Mysore Bank Junction,Named Junction,Upparpet,12.9740976,77.5810919,1093,22,2023-W45,2024-W14,35.5,24.5,12.0312,0.8441,54.22,Stable,54.3,
N-40baa05f,BTP082 - KR Market Junction,Named Junction,V.V.Puram (C.Pet),12.9638974,77.5763361,498,22,2023-W45,2024-W14,39.25,30.0,10.6066,0.797,53.99,Stable,55.5,
N-34c28996,"BTP117 - 9th Cross, Kanakapura Road",Named Junction,Jayanagara,12.9126379,77.5732468,87,22,2023-W45,2024-W14,6.75,4.25,2.2776,0.7628,53.81,Stable,37.32,
N-99914d65,BTP032 - Windsor Circle,Named Junction,Sheshadripuram,12.9966407,77.5841631,240,22,2023-W45,2024-W14,12.5,6.0,7.5829,0.7573,53.79,Stable,41.49,
N-2e781520,BTP052 - CID Carlton House Junction,Named Junction,High ground,12.9811077,77.5848039,25,21,2023-W46,2024-W14,0.75,0.0,0.0,0.75,53.75,Stable,16.56,
N-507976d5,BTP181 - Bileka Halli Junction,Named Junction,J.P. Nagar,12.9028216,77.6011414,5,12,2023-W52,2024-W11,0.75,0.0,0.0,0.75,53.75,Stable,5.69,
N-42f44344,BTP051 - Safina Plaza Junction,Named Junction,Ashok Nagar,12.9749057,77.607987,23,22,2023-W45,2024-W14,0.75,0.0,0.0,0.75,53.75,Stable,22.58,
N-af9b6d1e,BTP053 - Three Let Junction,Named Junction,High ground,12.9839718,77.5817777,45,21,2023-W45,2024-W13,0.75,0.0,0.0,0.75,53.75,Stable,23.66,
N-ee3d2ef1,BTP185 - RV Teachers College,Named Junction,Wilson Garden,12.944189,77.5824647,17,20,2023-W46,2024-W13,0.75,0.0,0.0,0.75,53.75,Stable,14.1,
N-dd75df85,"BTP178 - 18th Main, Marenahalli",Named Junction,Jayanagara,12.9169806,77.589377,4,12,2024-W01,2024-W12,0.75,0.0,0.0,0.75,53.75,Stable,5.05,
N-cb9a931b,"BTP112 - 14th Cross, KR Road",Named Junction,Banashankari,12.9293465,77.5732088,10,20,2023-W46,2024-W13,0.75,0.0,0.0,0.75,53.75,Stable,8.23,
N-911b2c4b,BTP140 - Madiwala Check Post,Named Junction,Madiwala,12.9309067,77.6110863,35,20,2023-W46,2024-W13,3.75,2.25,1.0897,0.7178,53.59,Stable,26.19,
N-d781bb58,BTP057 - Anand Rao Junction,Named Junction,Chamarajpet,12.9794994,77.5707143,16,20,2023-W47,2024-W14,1.25,0.25,0.433,0.6978,53.49,Stable,22.98,
N-920c081b,"BTP188 - 27th Cross, 4th Main, Jayanagar",Named Junction,Jayanagara,12.9296815,77.5805691,256,22,2023-W46,2024-W15,32.0,17.0,20.8207,0.6874,53.44,Stable,36.59,
N-354315d8,"BTP015 - Suguna Hospital, Dr. Rajkumar Road",Named Junction,Rajajinagar,12.9877104,77.5594992,81,21,2023-W46,2024-W14,2.5,1.25,0.8292,0.6834,53.42,Stable,29.77,
N-b3c253ea,BTP120 - Lalbagh Main Gate Junction,Named Junction,City Market,12.9542039,77.584098,76,22,2023-W45,2024-W14,2.5,1.0,1.2247,0.6742,53.37,Stable,34.23,
N-ad921a31,BTP008 - Navarang Theatre,Named Junction,Rajajinagar,12.9981231,77.5533361,185,22,2023-W45,2024-W14,11.5,6.5,6.5383,0.6633,53.32,Stable,41.85,
N-1e9d5981,BTP219 - Canara Bank Junction,Named Junction,Jayanagara,12.9311672,77.584537,305,23,2023-W45,2024-W15,13.75,9.0,6.1644,0.663,53.31,Stable,43.2,
N-42217741,"BTP011 - RR Kalyana Mantapa, Dr. Rajkumar Road",Named Junction,Malleshwaram,12.9982901,77.5577461,16,21,2023-W46,2024-W14,2.25,0.75,1.299,0.6524,53.26,Stable,12.02,
N-62d87194,BTP192 - Urvashi Theater,Named Junction,City Market,12.9560628,77.5857276,140,23,2023-W45,2024-W15,6.75,4.25,2.8614,0.6474,53.24,Stable,38.36,
N-ecd37ab6,BTP027 - Modi Bridge Junction,Named Junction,Malleshwaram,12.9997609,77.5499271,533,23,2023-W45,2024-W15,31.0,20.0,16.386,0.6327,53.16,Stable,47.75,
N-31191494,BTP216 - Yediyur Junction,Named Junction,Basavanagudi,12.9380603,77.5768801,156,23,2023-W45,2024-W15,13.5,8.0,7.9057,0.6176,53.09,Stable,34.87,
N-13d827ed,"BTP115 - Sahasra Hospital, Jayanagar",Named Junction,K.S. Layout,12.9168191,77.5734408,29,21,2023-W46,2024-W14,3.0,2.0,0.7071,0.5858,52.93,Stable,18.68,
N-fdffb304,"BTP190 - 36th Cross, 4th Main, Jayanagar",Named Junction,Jayanagara,12.9225852,77.5812768,117,21,2023-W46,2024-W14,6.5,5.0,1.5811,0.5811,52.91,Stable,30.87,
N-95d38317,"BTP210 - 50th cross, 12th Main , Rajajinagar",Named Junction,Rajajinagar,12.9869792,77.5551246,387,23,2023-W45,2024-W15,18.25,12.0,9.7724,0.5802,52.9,Stable,47.16,
N-83d9224b,"BTP189 - New Diagonal Road, Jayanagar",Named Junction,Jayanagara,12.9281123,77.5806976,511,22,2023-W45,2024-W14,24.25,15.75,14.1488,0.5611,52.81,Stable,46.53,
N-74a76082,BTP141 - Palmgroove Junction,Named Junction,Ashok Nagar,12.9664727,77.6115512,15,16,2023-W46,2024-W09,1.5,0.5,0.866,0.5359,52.68,Stable,14.76,
N-77e74241,BTP010 - Rajajinagar Entrance,Named Junction,Rajajinagar,12.9844548,77.5600076,219,22,2023-W45,2024-W14,8.0,5.0,4.6368,0.5322,52.66,Stable,37.97,
N-80db7fe2,BTP187 - South End Circle,Named Junction,Jayanagara,12.9362702,77.5808798,9,11,2024-W03,2024-W13,1.0,0.25,0.433,0.5234,52.62,Stable,11.43,
N-ab155ed0,BTP184 - Lalbagh West Gate,Named Junction,V.V.Puram (C.Pet),12.9495224,77.5790568,12,19,2023-W47,2024-W13,1.0,0.25,0.433,0.5234,52.62,Stable,12.62,
N-71f141c1,BTP120 - Lalbagh Main Gate Junction,Named Junction,Wilson Garden,12.9539289,77.5848226,76,22,2023-W45,2024-W14,3.5,2.75,0.433,0.5234,52.62,Stable,30.62,
N-56dfd3f8,BTP104 - Medical College Circle,Named Junction,City Market,12.9595619,77.5766993,1140,23,2023-W45,2024-W15,58.75,51.25,13.3674,0.522,52.61,Stable,58.23,
N-33c3fcc9,BTP057 - Anand Rao Junction,Named Junction,Sheshadripuram,12.9811778,77.5728234,112,22,2023-W45,2024-W14,5.75,3.75,2.8614,0.5179,52.59,Stable,46.0,
N-ecd956fc,"BTP206 - Shankara Mutt Circle, Vijayanagar",Named Junction,Rajajinagar,13.0003782,77.5421243,7,15,2023-W52,2024-W14,0.5,0.0,0.0,0.5,52.5,Stable,15.49,
N-0facc58f,BTP171 - Indian Express (Balekundri),Named Junction,Cubbon Park,12.9860951,77.5950082,8,18,2023-W46,2024-W11,0.5,0.0,0.0,0.5,52.5,Stable,6.67,
N-a0d7900b,BTP035 - Basaweshwara Circle (LH) Junction,Named Junction,Cubbon Park,12.9831861,77.5885282,4,11,2023-W46,2024-W04,0.5,0.0,0.0,0.5,52.5,Stable,8.8,
N-860b5ce5,BTP010 - Rajajinagar Entrance,Named Junction,Magadi Road,12.9813152,77.559714,513,22,2023-W45,2024-W14,26.0,22.75,6.0156,0.4633,52.32,Stable,49.13,
N-4a524d74,BTP109 - Dewan Madhava Rao Junction,Named Junction,Basavanagudi,12.9408643,77.5724347,275,21,2023-W47,2024-W15,11.75,8.75,5.5396,0.4587,52.29,Stable,40.17,
N-d667b098,BTP068 - Veeresh Theatre Junction,Named Junction,Magadi Road,12.9785411,77.5465308,71,22,2023-W45,2024-W14,4.25,2.75,2.681,0.4075,52.04,Stable,31.32,
N-01caeca6,BTP137 - Madiwala Traffic PS Junction,Named Junction,Madiwala,12.9233262,77.6198709,475,22,2023-W45,2024-W14,34.25,28.25,13.7364,0.4072,52.04,Stable,55.45,
N-11b6a264,"BTP161 - 15th Cross, 35th Main, JP Nagar",Named Junction,J.P. Nagar,12.906264,77.5776522,12,19,2023-W45,2024-W11,0.75,0.25,0.433,0.3489,51.74,Stable,14.97,
N-de82a7cc,"BTP016 - 5th Main Road, RPC Layout",Named Junction,Vijayanagara,12.9652474,77.5378391,1822,23,2023-W45,2024-W15,29.25,22.25,19.3827,0.3434,51.72,Stable,52.24,
N-a8804a13,"BTP033 - Sophia High School, Sankey Road",Named Junction,High ground,12.9904445,77.5886655,159,22,2023-W45,2024-W14,1.75,1.0,1.2247,0.3371,51.69,Stable,45.15,
N-6ec95c6b,BTP107 - National College Junction,Named Junction,Basavanagudi,12.9476217,77.5735936,7,15,2023-W52,2024-W14,1.0,0.5,0.5,0.3333,51.67,Stable,7.79,
N-8c2cb6a6,BTP118 - Basappa Circle,Named Junction,City Market,12.958261,77.5775772,497,22,2023-W45,2024-W14,22.75,20.75,5.0683,0.3296,51.65,Stable,50.32,
N-890ad694,BTP173 - TMC,Named Junction,Shivajinagar,12.9823149,77.5987504,121,22,2023-W45,2024-W14,5.5,4.5,2.2913,0.3038,51.52,Stable,35.81,
N-5ecf966f,BTP076 - Hudson Circle,Named Junction,Cubbon Park,12.9680865,77.5887662,163,21,2023-W46,2024-W14,16.5,12.5,12.3794,0.299,51.5,Stable,32.56,
N-01a6c93e,"BTP115 - Sahasra Hospital, Jayanagar",Named Junction,Jayanagara,12.9173571,77.5741261,144,22,2023-W45,2024-W14,6.0,4.5,4.0311,0.2981,51.49,Stable,45.53,
N-2d5e02cf,BTP211 - Central Street Junction,Named Junction,Shivajinagar,12.9833849,77.6034593,4035,23,2023-W45,2024-W15,181.0,157.0,85.595,0.2772,51.39,Stable,56.84,
N-83fb3a34,"BTP176 - Rajalakshmi Kalyana Mantapa, JP Nagar",Named Junction,J.P. Nagar,12.9166578,77.57938,9,12,2023-W46,2024-W05,1.0,0.5,0.866,0.2679,51.34,Stable,11.96,
N-ed3addfb,BTP136 - Hosur-Tavarkere Road Junction,Named Junction,Madiwala,12.9322893,77.6099702,14,20,2023-W45,2024-W12,1.0,0.5,0.866,0.2679,51.34,Stable,21.89,
N-625c70c2,BTP138 - Sarjapur Road Check Post,Named Junction,Madiwala,12.9266432,77.6166981,55,19,2023-W48,2024-W14,3.75,3.0,1.8708,0.2612,51.31,Stable,31.26,
N-a59769e8,BTP141 - Palmgroove Junction,Named Junction,Halasur,12.9697224,77.6150208,23,19,2023-W46,2024-W12,0.25,0.0,0.0,0.25,51.25,Stable,14.91,
N-9f369d1a,"BTP099 - Cash Pharmacy, Residency Road",Named Junction,Ashok Nagar,12.9676997,77.6013385,141,21,2023-W46,2024-W14,1.5,1.0,1.0,0.25,51.25,Stable,36.73,
N-a6be7fc5,BTP037 - KR Circle,Named Junction,Upparpet,12.9766307,77.583476,53,21,2023-W45,2024-W13,0.25,0.0,0.0,0.25,51.25,Stable,24.61,
N-c6992b0d,BTP167 - JC Road Junction,Named Junction,Halasuru Gate,12.959307,77.5829512,4,17,2023-W50,2024-W14,0.25,0.0,0.0,0.25,51.25,Stable,5.05,
N-223ac5a2,BTP184 - Lalbagh West Gate,Named Junction,City Market,12.9492344,77.58087,30,20,2023-W46,2024-W13,0.25,0.0,0.0,0.25,51.25,Stable,13.95,
N-a97b3aaf,"BTP025 - Puttamma Choultry, Nagarbhavi",Named Junction,Magadi Road,12.9800704,77.5383456,7,16,2023-W51,2024-W14,0.25,0.0,0.0,0.25,51.25,Stable,15.32,
N-6f518667,BTP144 - Commando Hospital Junction,Named Junction,Halasur,12.9692036,77.6263439,4,14,2023-W48,2024-W09,0.25,0.0,0.0,0.25,51.25,Stable,13.01,
N-22450ed7,BTP030 - Mekhri Circle,Named Junction,R.T. Nagar,13.0184088,77.5848904,15,20,2023-W46,2024-W13,0.25,0.0,0.0,0.25,51.25,Stable,18.35,
N-2dd7485a,"BTP202 - East End Main Road, Jayanagar",Named Junction,J.P. Nagar,12.9154362,77.5980389,4,18,2023-W46,2024-W11,0.25,0.0,0.0,0.25,51.25,Stable,5.05,
N-79142732,"BTP101 - Blood Bank Circle, KH Road",Named Junction,Halasuru Gate,12.9616895,77.593534,22,21,2023-W46,2024-W14,1.75,1.25,1.0897,0.2393,51.2,Stable,20.65,
N-1aaadd0f,BTP119 - Minerva Circle,Named Junction,V.V.Puram (C.Pet),12.9543174,77.5795833,36,19,2023-W45,2024-W11,2.0,1.25,2.1651,0.237,51.19,Stable,17.73,
N-a0e1705c,BTP105 - Shivasankara Circle,Named Junction,V.V.Puram (C.Pet),12.9569026,77.5741661,178,18,2023-W48,2024-W13,18.25,14.25,16.3306,0.2308,51.15,Stable,34.78,
N-d8b31244,BTP208 - Havanur Circle,Named Junction,Kamakshipalya,12.987038,77.5372613,218,22,2023-W45,2024-W14,14.5,11.75,11.0538,0.2281,51.14,Stable,39.15,
N-f23d16a9,BTP138 - Sarjapur Road Check Post,Named Junction,Adugodi,12.9289424,77.6176572,15,20,2023-W47,2024-W14,1.5,1.0,1.2247,0.2247,51.12,Stable,15.96,
N-57ddd43e,"BTP164 - 29th Main Road, BTM Layout",Named Junction,Madiwala,12.9184253,77.6140273,10,17,2023-W48,2024-W12,1.25,0.75,1.299,0.2175,51.09,Stable,10.55,
N-dda97889,BTP180 - Swagath Poornima Theatre,Named Junction,Wilson Garden,12.9587538,77.5868541,50,21,2023-W46,2024-W14,2.75,2.25,1.7854,0.1795,50.9,Stable,27.45,
N-bf7dbdb5,"BTP168 - MSR Building, JC Road",Named Junction,City Market,12.9599831,77.5835545,3,8,2024-W05,2024-W12,0.5,0.25,0.433,0.1745,50.87,Stable,12.55,
N-19a7f070,BTP034 - LRDE Junction,Named Junction,Cubbon Park,12.988158,77.59195,38,21,2023-W46,2024-W14,0.75,0.5,0.5,0.1667,50.83,Stable,20.3,
N-d16ec81b,"BTP170 - Dr. Bheem Rao Palace, Chord Road",Named Junction,Vijayanagara,12.9900754,77.5504762,160,19,2023-W48,2024-W14,5.25,4.5,3.5707,0.1641,50.82,Stable,42.52,
N-6dc16f5d,"BTP197 - 9th Cross, 24th Main, JP Nagar",Named Junction,J.P. Nagar,12.9115495,77.58599,199,21,2023-W45,2024-W13,11.75,10.75,5.7609,0.1479,50.74,Stable,41.8,
N-0ac7558d,"BTP080 - NR Road, SP Road Junction",Named Junction,Halasuru Gate,12.9645274,77.5834054,2575,23,2023-W45,2024-W15,101.75,97.0,31.3847,0.1467,50.73,Stable,55.14,
N-df277851,BTP187 - South End Circle,Named Junction,Basavanagudi,12.9377019,77.5797287,13,17,2023-W49,2024-W13,1.25,1.0,0.7071,0.1464,50.73,Stable,14.03,
N-0f78beba,"BTP102 - BMTC Junction, KH Road",Named Junction,Halasuru Gate,12.9584351,77.5930395,7,20,2023-W46,2024-W13,0.75,0.5,0.866,0.134,50.67,Stable,7.46,
N-c765e609,BTP035 - Basaweshwara Circle (LH) Junction,Named Junction,High ground,12.9847885,77.5881164,28,22,2023-W45,2024-W14,0.75,0.5,0.866,0.134,50.67,Stable,20.48,
N-0b64cf42,BTP146 - Domlur Water Tank,Named Junction,Jeevanbheemanagar,12.9596712,77.6417043,8,17,2023-W48,2024-W12,0.75,0.5,0.866,0.134,50.67,Stable,11.96,
N-49f115d3,BTP166 - Coffee Board Junction,Named Junction,Cubbon Park,12.9849208,77.5943367,114,22,2023-W45,2024-W14,6.75,6.25,3.1125,0.1216,50.61,Stable,32.1,
N-83573d2c,"BTP099 - Cash Pharmacy, Residency Road",Named Junction,Cubbon Park,12.9705835,77.5992361,161,21,2023-W46,2024-W14,2.5,2.0,3.4641,0.112,50.56,Stable,37.48,
N-30e36d1e,BTP058 - Subbanna Junction,Named Junction,Upparpet,12.9787965,77.5787497,4150,23,2023-W45,2024-W15,190.0,184.5,55.895,0.0967,50.48,Stable,62.31,
N-e2fbdfec,BTP103 - Shanti Nagar TTMC,Named Junction,Wilson Garden,12.9538742,77.5916228,120,21,2023-W46,2024-W14,5.75,5.5,1.8028,0.0892,50.45,Stable,37.08,
N-3b915859,BTP136 - Hosur-Tavarkere Road Junction,Named Junction,Mico Layout,12.9339667,77.6080774,249,22,2023-W45,2024-W14,8.25,7.75,4.603,0.0892,50.45,Stable,45.82,
N-f30be51b,BTP091 - Sirsi Circle,Named Junction,Magadi Road,12.9637822,77.5573579,104,22,2023-W45,2024-W14,4.0,3.75,2.586,0.0697,50.35,Stable,37.85,
N-ad42d0e2,BTP220 - Puttanna Junction,Named Junction,Jayanagara,12.9288446,77.5828285,251,22,2023-W45,2024-W14,9.5,9.25,2.9475,0.0633,50.32,Stable,42.05,
N-9d88528b,BTP126 - Dairy Circle,Named Junction,Mico Layout,12.9364045,77.6026033,167,23,2023-W45,2024-W15,4.5,4.25,3.4911,0.0557,50.28,Stable,42.45,
N-ecc54442,BTP225 - Geetha Junction,Named Junction,Jayanagara,12.9283381,77.5858736,238,22,2023-W45,2024-W14,11.25,10.75,10.8714,0.0421,50.21,Stable,41.65,
N-e4244b5d,"BTP226 - 33rd Cross, 11th Main, Jayanagar",Named Junction,Jayanagara,12.9259266,77.5856327,385,22,2023-W45,2024-W14,21.0,20.0,22.9238,0.0418,50.21,Stable,46.15,
N-0697d3ec,BTP038 - Mysore Bank Junction,Named Junction,Halasuru Gate,12.972215,77.5817617,464,22,2023-W45,2024-W14,17.0,16.75,15.2213,0.0154,50.08,Stable,47.84,
N-8a451507,"BTP102 - BMTC Junction, KH Road",Named Junction,Wilson Garden,12.9553143,77.5928938,132,22,2023-W45,2024-W14,4.5,4.5,1.5,0.0,50.0,Stable,38.01,
N-fadbdee6,"BTP024 - NPS, Vijayanagar",Named Junction,Vijayanagara,12.9852673,77.5480257,43,20,2023-W47,2024-W14,1.0,1.0,0.7071,0.0,50.0,Stable,21.97,
N-a94f27e6,BTP092 - Bangalore Builders Junction,Named Junction,Magadi Road,12.9599587,77.554374,20,19,2023-W48,2024-W14,0.5,0.5,0.5,0.0,50.0,Stable,17.72,
N-6693bd7d,BTP077 - Halasuru Gate Junction,Named Junction,Halasuru Gate,12.9668068,77.5870361,24,22,2023-W45,2024-W14,1.0,1.0,1.2247,0.0,50.0,Stable,20.59,
N-eda9841d,BTP173 - TMC,Named Junction,Cubbon Park,12.9830615,77.5970131,3,18,2023-W49,2024-W14,0.25,0.25,0.433,0.0,50.0,Stable,4.36,
N-ba61d7c4,BTP181 - Bileka Halli Junction,Named Junction,Mico Layout,12.9006158,77.6010865,3,11,2023-W45,2024-W03,0.25,0.25,0.433,0.0,50.0,Stable,4.36,
N-753ac65a,BTP045 - Danvanthri Road Junction,Named Junction,Upparpet,12.9770651,77.5747896,2507,23,2023-W45,2024-W15,89.0,89.25,37.016,-0.0066,49.97,Stable,58.21,
N-5302b13a,BTP020 - Hosahalli Metro Station,Named Junction,Vijayanagara,12.9741947,77.5452736,3012,22,2023-W45,2024-W14,102.5,106.0,63.62,-0.0542,49.73,Stable,54.65,
N-55d62f95,BTP218 - Syndicate Bank Junction,Named Junction,Jayanagara,12.9336089,77.5841988,188,23,2023-W45,2024-W15,9.0,9.5,7.7621,-0.0571,49.71,Stable,39.05,
N-4328d32c,BTP126 - Dairy Circle,Named Junction,Adugodi,12.9373281,77.6035814,44,20,2023-W47,2024-W14,1.0,1.25,1.6394,-0.0947,49.53,Stable,25.86,
N-baac87e5,BTP142 - Lower Agram Road Junction,Named Junction,Ashok Nagar,12.9618241,77.6154959,21,19,2023-W47,2024-W13,0.5,0.75,1.299,-0.1087,49.46,Stable,18.26,
N-78ba8dfe,"BTP221 - 15th Cross, 24th Main, JP Nagar",Named Junction,J.P. Nagar,12.9050226,77.5861887,91,21,2023-W46,2024-W14,4.0,5.0,8.0932,-0.11,49.45,Stable,32.68,
N-376c63b3,BTP118 - Basappa Circle,Named Junction,V.V.Puram (C.Pet),12.9562014,77.577347,27,22,2023-W45,2024-W14,1.5,2.0,3.4641,-0.112,49.44,Stable,16.0,
N-0cfe38c4,"BTP101 - Blood Bank Circle, KH Road",Named Junction,Ashok Nagar,12.9619672,77.5963799,339,12,2023-W46,2024-W05,22.75,24.0,9.5131,-0.1189,49.41,Stable,38.04,
N-313d48e9,BTP054 - Shivananda Circle,Named Junction,Sheshadripuram,12.9884258,77.5771857,144,23,2023-W45,2024-W15,4.0,4.5,3.2016,-0.119,49.41,Stable,36.35,
N-33d460f0,"BTP182 - 19th Main Junction, Rajajinagar",Named Junction,Malleshwaram,12.9996773,77.5506575,896,22,2023-W45,2024-W14,41.25,42.75,11.0538,-0.1244,49.38,Stable,49.79,
N-c71ae42d,BTP171 - Indian Express (Balekundri),Named Junction,High ground,12.9868077,77.5967667,8,18,2023-W50,2024-W15,0.25,0.5,0.866,-0.134,49.33,Stable,9.88,
N-a941a018,BTP036 - Police Thimmaiah Circle (GPO),Named Junction,Cubbon Park,12.9810543,77.5943219,74,20,2023-W46,2024-W13,0.5,0.75,0.8292,-0.1367,49.32,Stable,26.61,
N-6422ffc6,"BTP177 - Aurobindo Circle, ORR",Named Junction,J.P. Nagar,12.9151324,77.5857838,95,21,2023-W46,2024-W14,5.75,6.75,6.057,-0.1417,49.29,Stable,30.8,
N-1c8299ea,BTP121 - KH Circle,Named Junction,Wilson Garden,12.9518537,77.5903747,75,22,2023-W45,2024-W14,1.75,2.0,0.7071,-0.1464,49.27,Stable,31.57,
N-0eee96d8,BTP157 - Kadirenahalli Cross,Named Junction,Banashankari,12.9141359,77.5666976,3,8,2024-W06,2024-W13,0.25,0.5,0.5,-0.1667,49.17,Stable,4.36,
N-547b8b4e,"BTP025 - Puttamma Choultry, Nagarbhavi",Named Junction,Vijayanagara,12.9771706,77.5380386,10,18,2023-W46,2024-W11,0.25,0.5,0.5,-0.1667,49.17,Stable,12.75,
N-fe1cac9f,"BTP093 - Toll Gate, Mysore Road",Named Junction,Chamarajpet,12.9576652,77.5530534,33,21,2023-W46,2024-W14,2.25,3.5,6.0622,-0.177,49.12,Stable,24.53,
N-d5cb668a,BTP034 - LRDE Junction,Named Junction,High ground,12.988379,77.5917135,151,23,2023-W45,2024-W15,5.25,6.5,5.5902,-0.1897,49.05,Stable,37.59,
N-b129d65d,"BTP070 - Cholurpalya Junction, Magadi Road",Named Junction,Magadi Road,12.9734843,77.5508059,1560,23,2023-W45,2024-W15,60.0,69.5,47.252,-0.1969,49.02,Stable,52.47,
N-42b67214,"BTP177 - Aurobindo Circle, ORR",Named Junction,Jayanagara,12.9185304,77.5845477,73,22,2023-W45,2024-W14,4.25,5.25,3.4911,-0.2227,48.89,Stable,29.55,
N-f013bb9f,BTP119 - Minerva Circle,Named Junction,City Market,12.9553563,77.5805822,128,22,2023-W45,2024-W14,4.0,5.25,4.3804,-0.2323,48.84,Stable,36.06,
N-a0b5be6e,BTP051 - Safina Plaza Junction,Named Junction,Shivajinagar,12.981272,77.6087061,11542,23,2023-W45,2024-W15,525.0,543.5,77.6611,-0.2352,48.82,Stable,56.79,
N-de813f8d,BTP172 - Nanjappa Circle,Named Junction,Ashok Nagar,12.9617021,77.5994891,711,21,2023-W46,2024-W14,32.5,43.0,41.6713,-0.2461,48.77,Stable,46.81,
N-208e198e,BTP061 - Bhashyam Circle,Named Junction,Rajajinagar,12.9852373,77.5538787,795,23,2023-W45,2024-W15,35.25,43.0,28.931,-0.2589,48.71,Stable,51.4,
N-1260c0b7,BTP082 - KR Market Junction,Named Junction,Halasuru Gate,12.9648369,77.5794873,600,22,2023-W45,2024-W14,26.75,31.0,15.1822,-0.2626,48.69,Stable,55.77,
N-25d7a804,BTP061 - Bhashyam Circle,Named Junction,Magadi Road,12.9842975,77.5546616,47,20,2023-W47,2024-W14,2.0,2.5,0.866,-0.2679,48.66,Stable,25.52,
N-0002061c,BTP213 - Royan Circle,Named Junction,Chamarajpet,12.9606725,77.5681329,18,20,2023-W45,2024-W12,0.5,1.25,1.6394,-0.2842,48.58,Stable,18.23,
N-6c314d45,BTP042 - Minsk Square Junction (CTO),Named Junction,Cubbon Park,12.9804056,77.5976275,134,20,2023-W46,2024-W13,3.0,4.75,4.9687,-0.2932,48.53,Stable,33.23,
N-ef0ddf84,"BTP117 - 9th Cross, Kanakapura Road",Named Junction,K.S. Layout,12.9135321,77.5729558,72,21,2023-W46,2024-W14,4.0,6.0,5.7879,-0.2946,48.53,Stable,29.82,
N-d371794f,BTP098 - Nayandahalli Junction,Named Junction,Byatarayanapura,12.9448236,77.5276846,157,21,2023-W46,2024-W14,8.0,9.75,4.603,-0.3123,48.44,Stable,47.64,
N-ba85aea1,"BTP026 - 1st Block Junction, Rajajinagar",Named Junction,Rajajinagar,13.0016552,77.5492515,38,21,2023-W46,2024-W14,1.0,3.0,5.1962,-0.3228,48.39,Stable,20.06,
N-f6ca4bdc,BTP085 - Briyand Circle,Named Junction,V.V.Puram (C.Pet),12.9640597,77.5709812,8,14,2024-W01,2024-W14,0.5,1.25,1.299,-0.3262,48.37,Stable,16.83,
N-f1522165,BTP130 - GD Mara Junction,Named Junction,J.P. Nagar,12.9075832,77.6001693,124,18,2023-W49,2024-W14,11.0,14.5,9.5263,-0.3325,48.34,Stable,25.89,
N-ee953b3a,"BTP114 - KR Road Junction, Near JSS",Named Junction,Banashankari,12.9242347,77.5748945,24,22,2023-W45,2024-W14,0.25,1.0,1.2247,-0.3371,48.31,Stable,21.65,
N-0e2a889b,BTP140 - Madiwala Check Post,Named Junction,Mico Layout,12.9303006,77.6096912,81,20,2023-W45,2024-W12,2.75,3.75,1.9203,-0.3424,48.29,Stable,42.49,
N-f6ae8e50,BTP130 - GD Mara Junction,Named Junction,Mico Layout,12.9081999,77.6009898,449,22,2023-W46,2024-W15,43.5,48.5,13.4257,-0.3466,48.27,Stable,42.92,
N-2564782b,BTP158 - Devegowda Petrol Bunk,Named Junction,Banashankari,12.9212451,77.5602959,42,21,2023-W46,2024-W14,2.0,4.25,5.3092,-0.3566,48.22,Stable,21.8,
N-da15c684,"BTP198 - 9th Cross, 8th Main, JP Nagar",Named Junction,J.P. Nagar,12.9103396,77.5957216,7,8,2023-W47,2024-W02,0.5,1.25,1.0897,-0.3589,48.21,Stable,12.57,
N-e40a01aa,BTP023 - Mahalaxmi Layout Entrance,Named Junction,Rajajinagar,13.0080386,77.5485167,829,23,2023-W45,2024-W15,36.25,42.25,15.3521,-0.3669,48.17,Stable,49.47,
N-c6f97e86,BTP018 - Dhobi Ghat Junction,Named Junction,Rajajinagar,12.9873282,77.5505194,135,21,2023-W46,2024-W14,5.75,9.0,7.5498,-0.3801,48.1,Stable,38.0,
N-53e92715,BTP207 - 8th Main Road Basaveshwara Nagar,Named Junction,Vijayanagara,12.9918975,77.5384735,201,21,2023-W46,2024-W14,18.0,25.75,19.3051,-0.3817,48.09,Stable,35.61,
N-d95d2bb1,BTP042 - Minsk Square Junction (CTO),Named Junction,Shivajinagar,12.9812429,77.5985292,1612,22,2023-W45,2024-W14,68.25,100.25,80.2601,-0.3938,48.03,Stable,52.15,
N-de2732a7,BTP069 - MC Circle,Named Junction,Magadi Road,12.9751012,77.5482804,172,22,2023-W45,2024-W14,8.75,15.0,14.8492,-0.3943,48.03,Stable,42.85,
N-8b34fafe,"BTP115 - Sahasra Hospital, Jayanagar",Named Junction,Banashankari,12.9172836,77.5734325,112,22,2023-W45,2024-W14,2.25,3.75,2.7726,-0.3976,48.01,Stable,34.2,
N-14f8e9ca,"BTP083 - AS Char Street, Mysore Road",Named Junction,V.V.Puram (C.Pet),12.9643791,77.5742978,64,21,2023-W46,2024-W14,2.25,4.25,4.0234,-0.3981,48.01,Stable,36.1,
N-4bfd5edc,BTP128 - Gorappanapalya Junction,Named Junction,Jayanagara,12.9215213,77.5993308,8,14,2023-W48,2024-W09,0.25,1.5,2.0616,-0.4083,47.96,Stable,20.32,
N-6feb0773,BTP104 - Medical College Circle,Named Junction,V.V.Puram (C.Pet),12.9595865,77.5741658,43,22,2023-W45,2024-W14,3.5,6.0,5.099,-0.4099,47.95,Stable,24.25,
N-a2e845b1,"BTP001 - 10th Cross, Dr. Rajkumar Road",Named Junction,Malleshwaram,13.0078114,77.5546534,2398,23,2023-W45,2024-W15,106.25,132.0,61.4248,-0.4125,47.94,Stable,55.96,
N-2b045709,BTP043 - Upparpet Junction,Named Junction,Upparpet,12.9741837,77.5746187,291,22,2023-W45,2024-W14,9.25,15.5,14.151,-0.4125,47.94,Stable,46.75,
N-5238b46a,BTP076 - Hudson Circle,Named Junction,Halasuru Gate,12.9679927,77.5888372,226,23,2023-W45,2024-W15,6.0,9.75,7.4624,-0.4431,47.78,Stable,42.54,
N-7a3984a5,BTP048 - Shanthala Junction,Named Junction,Upparpet,12.9763055,77.5716207,39,22,2023-W45,2024-W14,0.5,3.0,4.6368,-0.4435,47.78,Stable,24.8,
N-5a4b5af8,BTP143 - ASC Junction,Named Junction,Halasur,12.9694987,77.6197458,21,21,2023-W46,2024-W14,0.25,3.0,5.1962,-0.4438,47.78,Stable,25.26,
N-e9936cf6,BTP132 - Anepalya Junction,Named Junction,Adugodi,12.94933,77.6058906,24,22,2023-W45,2024-W14,1.0,2.25,1.7854,-0.4488,47.76,Stable,19.93,
N-4ab405ec,BTP044 - Sagar Theatre Junction,Named Junction,City Market,12.9726174,77.5772994,423,22,2023-W45,2024-W14,16.0,18.25,3.9607,-0.4536,47.73,Stable,47.15,
N-7a5e2652,BTP051 - Safina Plaza Junction,Named Junction,Cubbon Park,12.9752449,77.6074054,68,21,2023-W46,2024-W14,1.0,2.5,2.2913,-0.4557,47.72,Stable,32.5,
N-b1784e63,"BTP200 - 15th Cross, 33rd Main, JP Nagar",Named Junction,J.P. Nagar,12.9063283,77.5813878,26,23,2023-W45,2024-W15,0.75,3.25,4.085,-0.4916,47.54,Stable,20.11,
N-5eb79fc5,"BTP168 - MSR Building, JC Road",Named Junction,Halasuru Gate,12.9612182,77.5843119,120,20,2023-W47,2024-W14,8.0,12.0,6.9642,-0.5022,47.49,Stable,37.0,
N-e9c31dd4,BTP078 - NR Square Junction,Named Junction,Halasuru Gate,12.9658734,77.5854068,204,22,2023-W45,2024-W14,5.75,9.75,6.9417,-0.5037,47.48,Stable,41.84,
N-b4cf7d8f,BTP023 - Mahalaxmi Layout Entrance,Named Junction,Malleshwaram,13.0099868,77.5499506,725,23,2023-W45,2024-W15,44.25,48.5,7.3655,-0.508,47.46,Stable,53.33,
N-18b66d4c,BTP075 - Police Corner,Named Junction,Halasuru Gate,12.9688457,77.5862827,150,21,2023-W46,2024-W14,3.25,5.0,2.2361,-0.5408,47.3,Stable,38.0,
N-5b889585,BTP064 - Devanga Hostel Junction,Named Junction,Halasuru Gate,12.9627328,77.5899046,97,22,2023-W45,2024-W14,4.25,8.75,7.2586,-0.5449,47.28,Stable,31.21,
N-a7daae55,"BTP127 - Sagar Hospital, Jayanagar",Named Junction,Jayanagara,12.9273819,77.5974821,59,22,2023-W46,2024-W15,1.25,8.75,12.4373,-0.5581,47.21,Stable,26.58,
N-31306773,BTP079 - Town Hall Junction,Named Junction,Halasuru Gate,12.9647424,77.5847898,120,20,2023-W46,2024-W13,5.75,10.0,6.5955,-0.5595,47.2,Stable,36.48,
N-dd200eff,BTP048 - Shanthala Junction,Named Junction,Chamarajpet,12.9769844,77.5707237,1158,22,2023-W45,2024-W14,36.5,72.75,61.747,-0.5777,47.11,Stable,56.09,
N-9f3a9702,BTP107 - National College Junction,Named Junction,V.V.Puram (C.Pet),12.9490965,77.5728812,66,21,2023-W45,2024-W13,3.0,12.0,13.9284,-0.6029,46.99,Stable,19.94,
N-f6987419,BTP217 - Baleyele Junction,Named Junction,V.V.Puram (C.Pet),12.9573813,77.5694478,83,21,2023-W46,2024-W14,5.5,11.75,9.2837,-0.6078,46.96,Stable,26.3,
N-faa9e091,BTP037 - KR Circle,Named Junction,Halasuru Gate,12.9761176,77.5847617,34,19,2023-W46,2024-W12,0.25,2.75,3.1125,-0.6079,46.96,Stable,23.42,
N-6e2ba48c,BTP212 - Minto Junction,Named Junction,V.V.Puram (C.Pet),12.9603143,77.5714076,70,17,2023-W50,2024-W14,2.75,13.5,16.1323,-0.6275,46.86,Stable,26.28,
N-1d7a62c4,"BTP094 - Sri Skanda Complex, Mysore Road",Named Junction,Byatarayanapura,12.9557868,77.5461691,86,21,2023-W46,2024-W14,2.25,10.5,11.9269,-0.6382,46.81,Stable,36.28,
N-dfce61cf,BTP193 - Vasavi Circle,Named Junction,V.V.Puram (C.Pet),12.9499186,77.5768182,94,21,2023-W46,2024-W14,3.25,11.75,12.3161,-0.6383,46.81,Stable,27.44,
N-16171fac,BTP032 - Windsor Circle,Named Junction,High ground,12.9926199,77.5887133,1967,22,2023-W45,2024-W14,20.75,34.75,20.4741,-0.6519,46.74,Stable,53.03,
N-2d3796c5,BTP057 - Anand Rao Junction,Named Junction,High ground,12.9815376,77.5751972,102,22,2023-W45,2024-W14,2.75,5.5,3.2016,-0.6545,46.73,Stable,34.88,
N-7d24ee8a,BTP071 - Prasanna Junction,Named Junction,Magadi Road,12.9743695,77.5520342,554,23,2023-W45,2024-W15,19.0,26.5,10.3078,-0.6633,46.68,Stable,49.93,
N-aa2f1a40,BTP171 - Indian Express (Balekundri),Named Junction,Shivajinagar,12.9862665,77.5991399,77,19,2023-W48,2024-W14,1.25,7.25,7.9491,-0.6705,46.65,Stable,27.35,
N-3f5e9738,"BTP083 - AS Char Street, Mysore Road",Named Junction,City Market,12.9658217,77.5746276,929,22,2023-W45,2024-W14,33.75,58.5,35.5141,-0.6778,46.61,Stable,61.22,
N-97f5d91a,BTP010 - Rajajinagar Entrance,Named Junction,Sheshadripuram,12.9827114,77.5630967,62,22,2023-W45,2024-W14,1.75,5.5,4.5,-0.6818,46.59,Stable,26.77,
N-2fb5e349,BTP040 - Elite Junction,Named Junction,Upparpet,12.9765967,77.5766022,9176,23,2023-W45,2024-W15,398.5,445.5,67.3591,-0.6875,46.56,Stable,57.5,
N-3a10f2ef,BTP027 - Modi Bridge Junction,Named Junction,Vijayanagara,12.9975336,77.5493687,968,23,2023-W45,2024-W15,44.0,58.0,18.8282,-0.7061,46.47,Stable,53.11,
N-1d1d9429,BTP043 - Upparpet Junction,Named Junction,City Market,12.970322,77.5758296,1100,22,2023-W45,2024-W14,45.0,53.75,11.2333,-0.7153,46.42,Stable,54.88,
N-10dee132,"BTP206 - Shankara Mutt Circle, Vijayanagar",Named Junction,Vijayanagara,12.9985979,77.5414125,600,22,2023-W45,2024-W14,18.5,38.75,26.7056,-0.7309,46.35,Stable,47.23,
N-005068d9,BTP067 - Jai Muni Rao Circle,Named Junction,Magadi Road,12.9785525,77.5428695,211,22,2023-W45,2024-W14,6.0,10.0,4.3589,-0.7464,46.27,Stable,41.14,
N-10abc89c,BTP058 - Subbanna Junction,Named Junction,High ground,12.9820504,77.5774681,264,22,2023-W45,2024-W14,7.0,15.0,9.6954,-0.748,46.26,Stable,48.07,
N-bd083a57,BTP018 - Dhobi Ghat Junction,Named Junction,Vijayanagara,12.9878376,77.5492642,174,21,2023-W46,2024-W14,3.5,8.5,5.5453,-0.7639,46.18,Stable,42.22,
N-67596e34,BTP203 - RRMR Junction,Named Junction,Halasuru Gate,12.9673479,77.5935331,117,22,2023-W45,2024-W14,4.25,15.0,12.9422,-0.771,46.14,Stable,37.18,
N-0419f7d7,BTP128 - Gorappanapalya Junction,Named Junction,Mico Layout,12.92028,77.6005895,44,15,2023-W52,2024-W14,2.0,7.0,5.3852,-0.7831,46.08,Stable,20.06,
N-e22f29d6,"BTP145 - Sri Hatti Maramma Circle, Domluru",Named Junction,Halasur,12.9612776,77.636212,153,23,2023-W45,2024-W15,2.75,10.5,8.7321,-0.7963,46.02,Stable,38.45,
N-050e77e7,BTP180 - Swagath Poornima Theatre,Named Junction,Halasuru Gate,12.9610472,77.5874871,180,22,2023-W45,2024-W14,5.25,16.25,12.6763,-0.8043,45.98,Stable,46.51,
N-344943d4,"BTP176 - Rajalakshmi Kalyana Mantapa, JP Nagar",Named Junction,Jayanagara,12.9173554,77.5782437,145,22,2023-W45,2024-W14,2.5,10.0,7.8422,-0.8482,45.76,Stable,37.74,
N-1db9a8fa,BTP092 - Bangalore Builders Junction,Named Junction,Chamarajpet,12.9591119,77.5561384,67,21,2023-W46,2024-W14,1.75,10.5,9.2331,-0.8551,45.72,Stable,32.1,
N-db316af4,BTP068 - Veeresh Theatre Junction,Named Junction,Vijayanagara,12.9769534,77.5454316,357,22,2023-W45,2024-W14,11.75,28.25,16.9171,-0.9209,45.4,Stable,43.53,
N-566b213d,BTP146 - Domlur Water Tank,Named Junction,Halasur,12.9605486,77.6386603,111,22,2023-W45,2024-W14,1.75,8.75,6.4952,-0.9339,45.33,Stable,36.23,
N-29abb4cd,"BTP170 - Dr. Bheem Rao Palace, Chord Road",Named Junction,Rajajinagar,12.9905298,77.5516247,310,20,2023-W47,2024-W14,16.25,28.25,11.1664,-0.9863,45.07,Stable,49.64,
N-40e5578e,BTP067 - Jai Muni Rao Circle,Named Junction,Vijayanagara,12.978439,77.5424976,119,22,2023-W45,2024-W14,5.25,7.75,1.479,-1.0085,44.96,Stable,32.36,
N-283e1c6c,BTP106 - VV Puram College,Named Junction,V.V.Puram (C.Pet),12.952855,77.5744949,139,20,2023-W47,2024-W14,4.0,27.25,21.8561,-1.0172,44.91,Stable,34.95,
N-8c293a82,BTP192 - Urvashi Theater,Named Junction,Wilson Garden,12.9566555,77.5861343,429,23,2023-W45,2024-W15,16.0,22.75,5.6292,-1.0182,44.91,Stable,48.74,
N-81e5ab2e,BTP100 - Richmond Circle,Named Junction,Ashok Nagar,12.9627558,77.5983063,276,21,2023-W46,2024-W14,1.25,5.0,2.5495,-1.0565,44.72,Stable,39.44,
N-bf5f02d2,BTP096 - Gali Anjaneya Temple,Named Junction,Byatarayanapura,12.9525948,77.5412161,757,23,2023-W45,2024-W15,24.5,43.5,16.8152,-1.0665,44.67,Stable,55.57,
N-91f9d435,BTP140 - Madiwala Check Post,Named Junction,Adugodi,12.9335863,77.6155158,199,22,2023-W46,2024-W15,3.0,18.75,12.5175,-1.1652,44.17,Stable,40.03,
N-b96a81b6,BTP017 - Attiguppe Circle,Named Junction,Byatarayanapura,12.9605883,77.529287,313,19,2023-W47,2024-W13,1.0,49.75,39.1559,-1.214,43.93,Stable,34.63,
N-6aead0ff,BTP085 - Briyand Circle,Named Junction,Chamarajpet,12.9661841,77.5694044,129,23,2023-W45,2024-W15,6.0,10.0,2.1213,-1.2815,43.59,Stable,39.17,
N-72e57815,"BTP095 - Satellite Bus Stand, Mysore Road",Named Junction,Byatarayanapura,12.9538253,77.543398,494,23,2023-W45,2024-W15,9.75,22.25,8.6711,-1.2925,43.54,Stable,52.24,
N-ad1b9d17,BTP205 - Modi Hospital Junction,Named Junction,Vijayanagara,12.9974811,77.5469324,826,22,2023-W45,2024-W14,31.75,62.5,22.5,-1.3085,43.46,Stable,51.22,
N-19fcd432,BTP208 - Havanur Circle,Named Junction,Vijayanagara,12.9886218,77.5376877,394,23,2023-W45,2024-W15,16.0,29.0,8.0932,-1.4296,42.85,Stable,45.4,
N-5286fee2,BTP044 - Sagar Theatre Junction,Named Junction,Upparpet,12.9750545,77.5789751,8426,23,2023-W45,2024-W15,297.25,411.75,58.3026,-1.9308,40.35,Cooling,57.48,
N-fd860ceb,BTP082 - KR Market Junction,Named Junction,City Market,12.9644242,77.5771207,8216,23,2023-W45,2024-W15,359.5,576.0,96.6488,-2.2171,38.91,Cooling,60.48,
N-b0e2bb5c,"BTP083 - AS Char Street, Mysore Road",Named Junction,Chamarajpet,12.9670256,77.5742335,1272,23,2023-W45,2024-W15,35.25,98.0,25.4264,-2.3745,38.13,Cooling,55.35,
N-9e7fd397,BTP135 - UCO Bank Junction,Named Junction,Adugodi,12.9356218,77.6149779,936,23,2023-W45,2024-W15,31.5,89.0,22.8692,-2.409,37.95,Cooling,52.44,
N-416494df,"BTP148 - 17th Main, Doopanahalli Bus Stop",Named Junction,Jeevanbheemanagar,12.9636635,77.642234,578,23,2023-W45,2024-W15,10.5,22.75,3.7666,-2.5699,37.15,Cooling,51.88,
N-759526c1,"BTP022 - Marenahalli Junction, Vijayanagar",Named Junction,Vijayanagara,12.9687797,77.5367343,914,22,2023-W45,2024-W14,26.75,53.5,8.0777,-2.9468,35.27,Cooling,51.91,
N-ad689fd9,BTP028 - Vijayanagar Bus Stand Junction,Named Junction,Vijayanagara,12.9725692,77.5380619,593,22,2023-W45,2024-W14,20.25,50.0,6.364,-4.0399,29.8,Cooling,48.91,
N-6a740489,"BTP164 - 29th Main Road, BTM Layout",Named Junction,Mico Layout,12.9151764,77.6158281,30,2,2024-W13,2024-W14,0.0,0.0,0.0,0.0,50.0,Insufficient Data,13.95,
N-05281916,BTP214 - 5th Main Chamrajpet Junction,Named Junction,Basavanagudi,12.9551554,77.5659109,20,7,2024-W06,2024-W12,0.0,0.0,0.0,0.0,50.0,Insufficient Data,13.29,
N-a3ef4e0c,"BTP016 - 5th Main Road, RPC Layout",Named Junction,No Police Station,12.9649059,77.5388765,8,1,2024-W05,2024-W05,0.0,0.0,0.0,0.0,50.0,Insufficient Data,6.85,
N-21b6ea5c,BTP028 - Vijayanagar Bus Stand Junction,Named Junction,No Police Station,12.9721151,77.537598,1,1,2024-W05,2024-W05,0.0,0.0,0.0,0.0,50.0,Insufficient Data,2.34,
N-41ec3396,"BTP022 - Marenahalli Junction, Vijayanagar",Named Junction,No Police Station,12.9689726,77.5370644,1,1,2024-W05,2024-W05,0.0,0.0,0.0,0.0,50.0,Insufficient Data,17.34,
N-bbc3bc4d,BTP082 - KR Market Junction,Named Junction,No Police Station,12.9633794,77.5801768,1,1,2024-W05,2024-W05,0.0,0.0,0.0,0.0,50.0,Insufficient Data,2.34,
N-fb2a7517,BTP180 - Swagath Poornima Theatre,Named Junction,City Market,12.9586088,77.58646,5,4,2024-W02,2024-W05,0.0,0.0,0.0,0.0,50.0,Insufficient Data,6.04,
N-94472268,BTP067 - Jai Muni Rao Circle,Named Junction,No Police Station,12.9789988,77.540463,2,1,2024-W05,2024-W05,0.0,0.0,0.0,0.0,50.0,Insufficient Data,2.81,
N-a8956152,"BTP113 - 27th Cross, Pai Vista, KR Road",Named Junction,K.S. Layout,12.9166445,77.573072,2,3,2024-W06,2024-W08,0.0,0.0,0.0,0.0,50.0,Insufficient Data,3.0,
N-6a74cced,BTP215 - Vanivillas Junction,Named Junction,V.V.Puram (C.Pet),12.9502688,77.5697285,25,7,2024-W08,2024-W14,0.0,0.0,0.0,0.0,50.0,Insufficient Data,12.41,
N-2fc1345c,"BTP179 - 9th Block, 28th Main, Jayanagar",Named Junction,J.P. Nagar,12.9163674,77.5949721,2,2,2024-W07,2024-W08,0.0,0.0,0.0,0.0,50.0,Insufficient Data,13.1,
N-2676b259,BTP211 - Central Street Junction,Named Junction,Cubbon Park,12.9784168,77.6016783,12,7,2024-W08,2024-W14,0.0,0.0,0.0,0.0,50.0,Insufficient Data,14.96,
N-d9f30334,"BTP114 - KR Road Junction, Near JSS",Named Junction,Jayanagara,12.9235788,77.576368,1,1,2024-W09,2024-W09,0.0,0.0,0.0,0.0,50.0,Insufficient Data,2.34,
N-fad40c57,"BTP102 - BMTC Junction, KH Road",Named Junction,Ashok Nagar,12.9588228,77.5933577,1,1,2024-W09,2024-W09,0.0,0.0,0.0,0.0,50.0,Insufficient Data,2.34,
N-a426bd6a,BTP043 - Upparpet Junction,Named Junction,Chamarajpet,12.9714259,77.5733637,1,1,2024-W09,2024-W09,0.0,0.0,0.0,0.0,50.0,Insufficient Data,17.34,
N-d0a7b59e,"BTP094 - Sri Skanda Complex, Mysore Road",Named Junction,Magadi Road,12.9590233,77.5471796,1,1,2024-W09,2024-W09,0.0,0.0,0.0,0.0,50.0,Insufficient Data,2.34,
N-8bce42bc,BTP216 - Yediyur Junction,Named Junction,Jayanagara,12.9367137,77.5771238,2,1,2024-W09,2024-W09,0.0,0.0,0.0,0.0,50.0,Insufficient Data,2.81,
N-9975cfdc,BTP213 - Royan Circle,Named Junction,V.V.Puram (C.Pet),12.9605062,77.5701519,1,1,2024-W09,2024-W09,0.0,0.0,0.0,0.0,50.0,Insufficient Data,2.34,
N-4fae87f0,BTP052 - CID Carlton House Junction,Named Junction,Upparpet,12.9786016,77.5834311,3,1,2023-W48,2023-W48,0.0,0.0,0.0,0.0,50.0,Insufficient Data,4.65,
N-ee753b79,BTP053 - Three Let Junction,Named Junction,Upparpet,12.9800068,77.5814892,1,1,2023-W46,2023-W46,0.0,0.0,0.0,0.0,50.0,Insufficient Data,32.34,
N-be68d75b,BTP100 - Richmond Circle,Named Junction,Cubbon Park,12.9653126,77.5968975,2,4,2023-W46,2023-W49,0.0,0.0,0.0,0.0,50.0,Insufficient Data,10.5,
N-841830ee,"BTP178 - 18th Main, Marenahalli",Named Junction,J.P. Nagar,12.9167885,77.5898203,3,1,2023-W50,2023-W50,0.0,0.0,0.0,0.0,50.0,Insufficient Data,3.5,
N-7b9900c0,"BTP145 - Sri Hatti Maramma Circle, Domluru",Named Junction,Ashok Nagar,12.9614964,77.6336917,4,1,2023-W52,2023-W52,0.0,0.0,0.0,0.0,50.0,Insufficient Data,4.19,
N-6a2c27e9,BTP100 - Richmond Circle,Named Junction,Halasuru Gate,12.9655632,77.5955875,1,1,2024-W01,2024-W01,0.0,0.0,0.0,0.0,50.0,Insufficient Data,8.7,
N-8521b61a,BTP132 - Anepalya Junction,Named Junction,Wilson Garden,12.9510624,77.603372,1,1,2024-W05,2024-W05,0.0,0.0,0.0,0.0,50.0,Insufficient Data,2.34,
N-0d1c9284,BTP203 - RRMR Junction,Named Junction,Cubbon Park,12.9690353,77.594779,4,1,2023-W47,2023-W47,0.0,0.0,0.0,0.0,50.0,Insufficient Data,5.35,
N-38093995,"BTP202 - East End Main Road, Jayanagar",Named Junction,Mico Layout,12.9151981,77.6002216,1,1,2024-W11,2024-W11,0.0,0.0,0.0,0.0,50.0,Insufficient Data,11.35,
