hotspot_id,hotspot_name,police_station,latitude,longitude,pcis_score,drift_score,severity_norm,repeat_offender_density_norm,priority_score,priority_band,rank_city,rank_station
N-6fcdb24b,"BTP080 - NR Road, SP Road Junction",City Market,12.9633173,77.5812116,69.43,100.0,70.574,25.6684,70.7371,Critical,1,1
N-04746066,"BTP011 - RR Kalyana Mantapa, Dr. Rajkumar Road",Rajajinagar,12.9936333,77.5537389,83.94,57.66,91.8636,23.1079,69.8299,Critical,2,1
N-30e36d1e,BTP058 - Subbanna Junction,Upparpet,12.9787965,77.5787497,79.79,0.0,97.6684,100.0,66.4497,Critical,3,1
N-59a97111,BTP057 - Anand Rao Junction,Upparpet,12.9792514,77.5744493,81.27,0.0,92.6194,100.0,66.0319,Critical,4,2
N-753ac65a,BTP045 - Danvanthri Road Junction,Upparpet,12.9770651,77.5747896,78.2,0.0,91.0757,100.0,64.4951,Critical,5,3
N-7952534b,"BTP024 - NPS, Vijayanagar",Magadi Road,12.9826246,77.548865,64.53,85.15,73.3398,3.8961,62.3519,Critical,6,1
N-5286fee2,BTP044 - Sagar Theatre Junction,Upparpet,12.9750545,77.5789751,72.52,0.0,89.9019,100.0,61.9884,Critical,7,4
N-0ebfa5bc,"BTP186 - 9th Cross, 4th Main, Jayanagar",Wilson Garden,12.939458,77.5838612,59.16,100.0,61.6819,2.1251,61.3192,Critical,8,1
N-98d1ff4a,"BTP163 - 16th Main Road, BTM Layout",Mico Layout,12.9149953,77.6085201,59.21,95.1,66.4898,2.0779,61.0686,Critical,9,1
N-6277ce3c,"BTP026 - 1st Block Junction, Rajajinagar",Malleshwaram,13.0024745,77.5501316,54.27,68.74,77.1024,42.5974,60.7031,Critical,10,1
N-2fb5e349,BTP040 - Elite Junction,Upparpet,12.9765967,77.5766022,67.59,0.0,89.9341,100.0,60.0228,Critical,11,5
N-b672bf35,BTP041 - Gopal Gowda Circle,Cubbon Park,12.9772959,77.5902652,70.58,65.42,68.9822,10.1299,59.9029,Critical,12,1
N-2d5e02cf,BTP211 - Central Street Junction,Shivajinagar,12.9833849,77.6034593,71.7,0.0,88.8728,82.5974,58.8442,Critical,13,1
N-1b2baade,"BTP117 - 9th Cross, Kanakapura Road",J.P. Nagar,12.9108194,77.5736923,76.56,64.53,60.4277,0.0,58.842,Critical,14,1
N-51b0b4b8,BTP038 - Mysore Bank Junction,Upparpet,12.9740976,77.5810919,66.83,0.0,84.7886,100.0,58.6897,Critical,15,6
N-85c545c1,BTP027 - Modi Bridge Junction,Rajajinagar,12.9992733,77.5493148,55.45,61.83,84.9815,23.1079,58.1,Critical,16,2
N-d04dce8f,BTP054 - Shivananda Circle,High ground,12.9856733,77.579324,55.28,60.41,75.205,33.3952,57.2648,Critical,17,1
N-a0b5be6e,BTP051 - Safina Plaza Junction,Shivajinagar,12.981272,77.6087061,66.9,0.0,88.7924,82.5974,56.9081,Critical,18,2
N-209451fb,BTP108 - Tagore Park Junction,Basavanagudi,12.9439012,77.5714312,61.7,58.15,84.7564,2.0779,56.4805,Critical,19,1
N-3f5e9738,"BTP083 - AS Char Street, Mysore Road",City Market,12.9658217,77.5746276,83.48,0.0,95.9157,25.6684,56.4254,Critical,20,2
U-c224f8d7,Unknown Hotspot U-0021,Chikkajala,13.1854197,77.6800924,88.38,0.0,99.1156,7.7922,56.344,Critical,21,1
U-f4c92592,Unknown Hotspot U-0018,Hulimavu,12.8903811,77.6389168,83.72,0.0,95.8836,22.5108,56.0413,Critical,22,1
N-f67b4e1e,"BTP062 - Basava Mantapa, Dr. Rajkumar Road",Magadi Road,12.9799118,77.5546504,62.18,61.54,75.9286,3.8961,56.0271,Critical,23,2
N-936fc9f8,BTP069 - MC Circle,Vijayanagara,12.9744703,77.5472796,57.93,59.86,73.6453,19.295,55.7603,Critical,24,1
N-2b045709,BTP043 - Upparpet Junction,Upparpet,12.9741837,77.5746187,63.2,0.0,72.6483,100.0,54.8097,Critical,25,7
U-92862bb1,Unknown Hotspot U-0022,Shivajinagar,12.9822757,77.6115233,62.3,0.0,87.297,82.5974,54.769,Critical,26,3
U-7f6ecc28,Unknown Hotspot U-0005,K.R. Pura,13.0084679,77.6953676,85.88,0.0,100.0,1.2987,54.5468,Critical,27,1
U-b8d94d80,Unknown Hotspot U-0064,Mahadevapura,12.9963162,77.6686363,87.77,0.0,94.4686,3.4632,54.5212,Critical,28,1
U-bc84c32c,Unknown Hotspot U-0037,Hebbala,13.0355708,77.5890647,62.24,0.0,87.4417,77.9221,54.0727,Critical,29,1
N-56dfd3f8,BTP104 - Medical College Circle,City Market,12.9595619,77.5766993,79.51,0.0,91.1079,25.6684,53.8758,Critical,30,3
U-a8b079ec,Unknown Hotspot U-0020,Mahadevapura,13.0003425,77.6769195,86.35,0.0,93.8093,3.4632,53.8213,Critical,31,2
U-62768426,Unknown Hotspot U-0066,Chikkajala,13.1912467,77.646222,85.58,0.0,91.1883,7.7922,53.6385,Critical,32,2
N-721433da,BTP009 - Prakash Nagar Junction,Rajajinagar,12.9925179,77.5576327,49.54,76.25,55.3787,23.1079,53.4204,Critical,33,3
N-fbf17e0c,"BTP202 - East End Main Road, Jayanagar",Jayanagara,12.9173464,77.5968095,70.88,61.21,47.6926,1.3552,53.3963,Critical,34,1
N-fd860ceb,BTP082 - KR Market Junction,City Market,12.9644242,77.5771207,76.03,0.0,94.7258,25.6684,53.2074,Critical,35,4
U-edd2fac5,Unknown Hotspot U-0014,HAL Old Airport,12.9431845,77.6978399,81.51,0.0,92.0566,11.6883,52.7686,Critical,36,1
N-d4211aeb,BTP030 - Mekhri Circle,Sadashivanagar,13.0114713,77.5835619,59.54,84.89,36.2116,2.5974,52.6704,Critical,37,1
N-be554482,"BTP089 - Police Quarters, Sultan Road",Chamarajpet,12.9609831,77.5635329,64.21,65.99,45.7791,7.7922,52.5061,Critical,38,1
U-3dd4f84e,Unknown Hotspot U-0107,Shivajinagar,12.9895231,77.5997852,58.88,0.0,82.5695,82.5974,52.4555,Critical,39,4
U-aad3d7ea,Unknown Hotspot U-0138,Chikkajala,13.1215627,77.6311795,84.43,0.0,85.2227,7.7922,51.9854,Critical,40,3
U-4d94be43,Unknown Hotspot U-0131,HAL Old Airport,12.9720971,77.7117411,79.79,0.0,88.8246,11.6883,51.4342,Critical,41,2
N-d95d2bb1,BTP042 - Minsk Square Junction (CTO),Shivajinagar,12.9812429,77.5985292,56.55,0.0,81.3314,82.5974,51.2759,Critical,42,5
U-f8c666a8,Unknown Hotspot U-0032,Shivajinagar,12.9856442,77.60551,58.07,0.0,77.5366,82.5974,51.1249,Critical,43,6
N-37c53a41,BTP215 - Vanivillas Junction,Basavanagudi,12.9458666,77.5702647,43.78,76.18,69.8826,2.0779,50.8452,Critical,44,2
N-3c095b83,BTP132 - Anepalya Junction,Ashok Nagar,12.9515994,77.6071144,61.98,59.87,51.8894,4.4527,50.8053,Critical,45,1
U-4f4791fa,Unknown Hotspot U-0296,Byatarayanapura,12.9501882,77.5223018,92.54,0.0,65.0748,3.5964,50.5704,Critical,46,1
U-dab064f2,Unknown Hotspot U-0025,HAL Old Airport,12.9577853,77.7015538,77.3,0.0,88.5995,11.6883,50.3931,Critical,47,3
N-bf5f02d2,BTP096 - Gali Anjaneya Temple,Byatarayanapura,12.9525948,77.5412161,80.98,0.0,86.8307,3.5964,50.2976,Critical,48,2
N-b4cf7d8f,BTP023 - Mahalaxmi Layout Entrance,Malleshwaram,13.0099868,77.5499506,67.92,0.0,83.2288,42.5974,50.2034,Critical,49,2
U-bf936b69,Unknown Hotspot U-0056,Rajajinagar,13.0177174,77.531491,75.34,0.0,82.8429,23.1079,50.1708,Critical,50,4
U-d5b25e3d,Unknown Hotspot U-0086,Yelahanka,13.0972786,77.599327,75.86,0.0,94.1148,5.994,50.0661,Critical,51,1
U-af6d3efb,Unknown Hotspot U-0019,Bellandur,12.9269632,77.6787047,76.07,0.0,94.967,2.7502,49.8339,Critical,52,1
U-3cf77393,Unknown Hotspot U-0149,Whitefield,12.9514364,77.7174912,84.36,0.0,79.6109,0.974,49.8123,Critical,53,1
N-a2e845b1,"BTP001 - 10th Cross, Dr. Rajkumar Road",Malleshwaram,13.0078114,77.5546534,64.7,0.0,87.4578,42.5974,49.7612,Critical,54,3
U-ec4a809e,Unknown Hotspot U-0048,Kodigehalli,13.0474972,77.5756205,71.55,0.0,86.7181,24.6753,49.6649,Critical,55,1
U-a7ba889f,Unknown Hotspot U-0057,Kodigehalli,13.062826,77.5892612,71.92,0.0,85.689,24.6753,49.6071,Critical,56,2
U-6bb82507,Unknown Hotspot U-0008,HAL Old Airport,12.9333817,77.6901618,74.71,0.0,89.516,11.6883,49.5404,Critical,57,4
U-f1b01484,Unknown Hotspot U-0013,K.R. Pura,13.0057366,77.6858728,79.71,0.0,87.0076,1.2987,49.4803,Critical,58,2
U-c8445fbe,Unknown Hotspot U-0078,Hulimavu,12.8759634,77.647892,74.39,0.0,81.6691,22.5108,49.4664,Critical,59,2
U-be9ac128,Unknown Hotspot U-0029,Malleshwaram,13.0115214,77.5539046,63.07,0.0,88.2779,42.5974,49.2732,Critical,60,4
N-01caeca6,BTP137 - Madiwala Traffic PS Junction,Madiwala,12.9233262,77.6198709,78.51,0.0,86.6377,3.4632,49.251,Critical,61,1
U-4d281c47,Unknown Hotspot U-0136,Malleshwaram,13.0153323,77.5552015,71.7,0.0,70.6062,42.5974,49.1909,Critical,62,5
U-2d7456a0,Unknown Hotspot U-0122,Kodigehalli,13.0500415,77.5931348,72.96,0.0,81.2832,24.6753,49.1419,Critical,63,3
N-7a3984a5,BTP048 - Shanthala Junction,Upparpet,12.9763055,77.5716207,66.4,0.0,37.3533,100.0,49.0307,Critical,64,8
N-29abb4cd,"BTP170 - Dr. Bheem Rao Palace, Chord Road",Rajajinagar,12.9905298,77.5516247,75.19,0.0,77.2954,23.1079,49.0013,Critical,65,5
N-b0e2bb5c,"BTP083 - AS Char Street, Mysore Road",Chamarajpet,12.9670256,77.5742335,76.22,0.0,86.4769,7.7922,48.9522,Critical,66,2
N-dd200eff,BTP048 - Shanthala Junction,Chamarajpet,12.9769844,77.5707237,75.36,0.0,87.6668,7.7922,48.8462,Critical,67,3
U-7ca82fbd,Unknown Hotspot U-0015,Electronic City,12.8418377,77.64605,70.15,0.0,89.7411,18.7013,48.8134,Critical,68,1
U-ee48a596,Unknown Hotspot U-0105,Yeshwanthpura,13.0301249,77.5373951,77.08,0.0,88.4387,0.0,48.5197,Critical,69,1
N-1260c0b7,BTP082 - KR Market Junction,Halasuru Gate,12.9648369,77.5794873,75.81,0.0,87.1523,4.329,48.4038,Critical,70,1
U-5acaba4d,Unknown Hotspot U-0199,Bellandur,12.9290428,77.6951259,77.06,0.0,85.48,2.7502,48.3325,Critical,71,2
U-77faf0f7,Unknown Hotspot U-0077,Rajajinagar,13.0077453,77.5268215,71.51,0.0,81.0741,23.1079,48.285,Critical,72,6
U-860aeb22,Unknown Hotspot U-0091,Upparpet,12.9788182,77.5816307,48.34,0.0,69.5289,100.0,48.2418,Critical,73,9
N-416494df,"BTP148 - 17th Main, Doopanahalli Bus Stop",Jeevanbheemanagar,12.9636635,77.642234,78.46,0.0,80.8973,4.4527,48.2314,Critical,74,1
N-5400024e,BTP052 - CID Carlton House Junction,Cubbon Park,12.9809066,77.5882144,49.79,65.83,51.5517,10.1299,48.2033,Critical,75,2
U-e650f59a,Unknown Hotspot U-0272,Hebbala,13.0429794,77.5905256,65.55,0.0,50.7638,77.9221,48.0611,Critical,76,2
U-9abd8ada,Unknown Hotspot U-0079,Mahadevapura,12.9791509,77.6951531,75.31,0.0,86.9432,3.4632,48.0321,Critical,77,3
U-c6a29c8e,Unknown Hotspot U-0026,Halasur,12.9734433,77.6188824,73.21,0.0,90.4325,2.5974,47.7601,Critical,78,1
U-ead68211,Unknown Hotspot U-0047,Ashok Nagar,12.9723267,77.6071685,73.93,0.0,87.2166,4.4527,47.6832,Critical,79,2
N-40baa05f,BTP082 - KR Market Junction,V.V.Puram (C.Pet),12.9638974,77.5763361,72.62,0.0,86.7181,6.8182,47.4144,Critical,80,1
N-1d1d9429,BTP043 - Upparpet Junction,City Market,12.970322,77.5758296,66.04,0.0,85.7212,25.6684,47.4105,Critical,81,5
U-957aa5df,Unknown Hotspot U-0017,Mahadevapura,12.9955942,77.6956979,75.04,0.0,83.9363,3.4632,47.3227,Critical,82,4
N-10abc89c,BTP058 - Subbanna Junction,High ground,12.9820504,77.5774681,68.17,0.0,74.7709,33.3952,47.2314,Critical,83,2
U-047545b9,Unknown Hotspot U-0191,Electronic City,12.8404837,77.6768805,74.71,0.0,72.6805,18.7013,47.2253,Critical,84,2
N-72e57815,"BTP095 - Satellite Bus Stand, Mysore Road",Byatarayanapura,12.9538253,77.543398,75.29,0.0,81.4761,3.5964,46.9507,Critical,85,3
U-58cdb719,Unknown Hotspot U-0044,Banaswadi,12.9935706,77.6625233,70.21,0.0,88.4708,7.7922,46.947,Critical,86,1
N-ee753b79,BTP053 - Three Let Junction,Upparpet,12.9800068,77.5814892,54.37,0.0,49.4774,100.0,46.6435,Critical,87,10
U-29d2981c,Unknown Hotspot U-0031,Malleshwaram,13.0003015,77.5710868,56.68,0.0,87.49,42.5974,46.5596,Critical,88,6
N-e6193522,BTP167 - JC Road Junction,City Market,12.95826,77.5812433,70.56,0.0,72.4232,25.6684,46.5589,Critical,89,6
U-471fb24c,Unknown Hotspot U-0087,HAL Old Airport,12.9631623,77.7171746,67.18,0.0,89.5803,11.6883,46.5413,Critical,90,5
U-10e61a8b,Unknown Hotspot U-0038,Jeevanbheemanagar,12.9597028,77.6474294,69.37,0.0,89.9341,4.4527,46.4027,Critical,91,2
N-b4ff394b,BTP133 - Adugodi Junction,Adugodi,12.9418536,77.6086067,56.41,59.87,43.1902,0.8202,46.2926,Critical,92,1
U-0d4a69da,Unknown Hotspot U-0255,HAL Old Airport,12.9565992,77.7085886,75.29,0.0,71.8443,11.6883,46.2381,Critical,93,6
U-377f2922,Unknown Hotspot U-0104,Electronic City,12.8704675,77.6548899,68.56,0.0,79.6109,18.7013,46.1514,Critical,94,3
N-d16ec81b,"BTP170 - Dr. Bheem Rao Palace, Chord Road",Vijayanagara,12.9900754,77.5504762,75.03,0.0,65.8466,19.295,46.0756,Critical,95,2
N-16171fac,BTP032 - Windsor Circle,High ground,12.9926199,77.5887133,61.08,0.0,82.7464,33.3952,45.9906,Critical,96,3
N-8c2cb6a6,BTP118 - Basappa Circle,City Market,12.958261,77.5775772,66.13,0.0,78.3888,25.6684,45.98,Critical,97,7
U-6b94da2d,Unknown Hotspot U-0062,HSR Layout,12.9065289,77.63004,70.28,0.0,84.9815,4.329,45.7577,Critical,98,1
U-06bc8d17,Unknown Hotspot U-0012,Jeevanbheemanagar,12.9700529,77.6438927,69.32,0.0,86.7824,4.4527,45.7524,Critical,99,3
N-a33038d5,"BTP204 - ESI Hospital, Rajajinagar",Rajajinagar,12.9903589,77.553735,66.11,0.0,78.4692,23.1079,45.604,Critical,100,7
U-453d2275,Unknown Hotspot U-0002,Byatarayanapura,12.9572955,77.5188271,72.25,0.0,80.5274,3.5964,45.5449,Critical,101,4
U-0c358023,Unknown Hotspot U-0075,City Market,12.9695834,77.5756911,61.7,0.0,84.5313,25.6684,45.4365,Critical,102,8
U-2ec3c991,Unknown Hotspot U-0040,HSR Layout,12.9120782,77.6259052,69.75,0.0,84.3544,4.329,45.4202,Critical,103,2
N-3a10f2ef,BTP027 - Modi Bridge Junction,Vijayanagara,12.9975336,77.5493687,64.61,0.0,82.8751,19.295,45.3133,Critical,104,3
N-d371794f,BTP098 - Nayandahalli Junction,Byatarayanapura,12.9448236,77.5276846,73.86,0.0,74.0794,3.5964,44.8993,Critical,105,5
U-d492ae67,Unknown Hotspot U-0082,Electronic City,12.8189133,77.6887944,69.54,0.0,71.0082,18.7013,44.8228,Critical,106,4
U-51207169,Unknown Hotspot U-0045,High ground,12.9935912,77.5898432,64.18,0.0,70.3007,33.3952,44.7414,High,107,4
U-df287f62,Unknown Hotspot U-0050,Kodigehalli,13.0709986,77.5884522,59.26,0.0,86.4769,24.6753,44.7007,High,108,4
N-8c66f5d9,BTP063 - Siddalingaiah Circle,Halasuru Gate,12.9708693,77.5927746,48.03,69.48,37.289,4.329,44.6891,High,109,2
U-e8061dc4,Unknown Hotspot U-0065,Magadi Road,12.9644023,77.5536829,68.32,0.0,83.3253,3.8961,44.5775,High,110,3
N-bd083a57,BTP018 - Dhobi Ghat Junction,Vijayanagara,12.9878376,77.5492642,71.43,0.0,65.3642,19.295,44.5391,High,111,4
U-0d3e3ab6,Unknown Hotspot U-0127,Jeevanbheemanagar,12.9717506,77.6580948,67.88,0.0,83.4057,4.4527,44.501,High,112,4
U-30dbb379,Unknown Hotspot U-0006,HSR Layout,12.9121966,77.6361325,64.72,0.0,89.1622,4.329,44.3698,High,113,3
N-625e9a59,BTP063 - Siddalingaiah Circle,Cubbon Park,12.971578,77.5970112,65.98,0.0,81.4761,10.1299,44.2067,High,114,3
N-9e7fd397,BTP135 - UCO Bank Junction,Adugodi,12.9356218,77.6149779,68.84,0.0,81.7977,0.8202,44.0186,High,115,2
N-ad1b9d17,BTP205 - Modi Hospital Junction,Vijayanagara,12.9974811,77.5469324,62.23,0.0,79.836,19.295,43.7534,High,116,5
N-3644eecf,BTP008 - Navarang Theatre,Malleshwaram,12.9985781,77.5530362,54.19,0.0,78.3406,42.5974,43.7337,High,117,7
U-b9ded50b,Unknown Hotspot U-0253,Byatarayanapura,12.9480487,77.5346006,72.52,0.0,70.6705,3.5964,43.6816,High,118,6
U-782f6fa3,Unknown Hotspot U-0192,Peenya,13.0399003,77.5185571,70.14,0.0,77.7456,0.0,43.6051,High,119,1
U-8ebbc584,Unknown Hotspot U-0109,Hulimavu,12.8762578,77.5959812,61.82,0.0,77.3758,22.5108,43.5798,High,120,3
U-7b0d6efd,Unknown Hotspot U-0003,Pulikeshinagar(F.Town),12.9955252,77.6126859,65.84,0.0,86.091,0.0,43.5542,High,121,1
N-050e77e7,BTP180 - Swagath Poornima Theatre,Halasuru Gate,12.9610472,77.5874871,71.12,0.0,72.2624,4.329,43.5498,High,122,3
U-d4afc73a,Unknown Hotspot U-0001,Madiwala,12.925784,77.6191104,74.38,0.0,66.2647,3.4632,43.5244,High,123,2
N-0e2a889b,BTP140 - Madiwala Check Post,Mico Layout,12.9303006,77.6096912,74.81,0.0,65.7984,2.0779,43.3954,High,124,2
U-19991bc5,Unknown Hotspot U-0039,Rajajinagar,13.0221448,77.5325787,62.03,0.0,74.9477,23.1079,43.2677,High,125,8
U-2e9c668b,Unknown Hotspot U-0111,Kodigehalli,13.058396,77.592314,60.21,0.0,77.2311,24.6753,43.2315,High,126,5
U-46fbc160,Unknown Hotspot U-0144,Hulimavu,12.8807142,77.6450725,62.61,0.0,73.8222,22.5108,43.1851,High,127,4
U-da9ef890,Unknown Hotspot U-0252,Chikkajala,13.1441544,77.6178581,73.97,0.0,61.9875,7.7922,43.1543,High,128,4
N-aa2f1a40,BTP171 - Indian Express (Balekundri),Shivajinagar,12.9862665,77.5991399,56.15,0.0,41.4536,82.5974,43.1403,High,129,7
N-0ac7558d,"BTP080 - NR Road, SP Road Junction",Halasuru Gate,12.9645274,77.5834054,62.35,0.0,86.1393,4.329,42.8172,High,130,4
N-33c3fcc9,BTP057 - Anand Rao Junction,Sheshadripuram,12.9811778,77.5728234,67.28,0.0,71.4424,10.3896,42.7589,High,131,1
U-0de9a1ae,Unknown Hotspot U-0359,Electronic City,12.8553747,77.6645546,71.1,0.0,57.3726,18.7013,42.7197,High,132,5
N-5302b13a,BTP020 - Hosahalli Metro Station,Vijayanagara,12.9741947,77.5452736,56.86,0.0,85.3513,19.295,42.7085,High,133,6
N-0aa863b9,BTP074 - Leprosy Hospital Junction,Magadi Road,12.9758469,77.5617957,64.05,0.0,81.9424,3.8961,42.5929,High,134,4
N-de82a7cc,"BTP016 - 5th Main Road, RPC Layout",Vijayanagara,12.9652474,77.5378391,58.39,0.0,81.4761,19.295,42.5455,High,135,7
U-4a68abb0,Unknown Hotspot U-0218,Chikkabanavara,13.0488911,77.4974657,70.49,0.0,71.0243,0.0,42.4009,High,136,1
U-59dc3a4a,Unknown Hotspot U-0220,Adugodi,12.9322729,77.631756,66.03,0.0,79.2893,0.8202,42.3929,High,137,3
N-2a4ca7e5,BTP214 - 5th Main Chamrajpet Junction,Vijayanagara,12.9759017,77.5315566,43.1,58.13,38.0769,19.295,42.2821,High,138,8
N-3b915859,BTP136 - Hosur-Tavarkere Road Junction,Mico Layout,12.9339667,77.6080774,69.07,0.0,71.1529,2.0779,42.1703,High,139,3
N-33d460f0,"BTP182 - 19th Main Junction, Rajajinagar",Malleshwaram,12.9996773,77.5506575,50.33,0.0,77.5366,42.5974,42.0289,High,140,8
U-f90bde98,Unknown Hotspot U-0257,Whitefield,12.9563644,77.7321309,76.42,0.0,55.9897,0.974,41.912,High,141,2
N-2d3796c5,BTP057 - Anand Rao Junction,High ground,12.9815376,77.5751972,65.37,0.0,53.5617,33.3952,41.8696,High,142,5
U-cf16d44d,Unknown Hotspot U-0178,Byatarayanapura,12.9403093,77.5243791,68.9,0.0,68.355,3.5964,41.7705,High,143,7
N-ecd37ab6,BTP027 - Modi Bridge Junction,Malleshwaram,12.9997609,77.5499271,50.91,0.0,74.2563,42.5974,41.6049,High,144,9
U-80f6a952,Unknown Hotspot U-0053,Mico Layout,12.9271022,77.6090337,65.44,0.0,74.8352,2.0779,41.4547,High,145,4
N-a8804a13,"BTP033 - Sophia High School, Sankey Road",High ground,12.9904445,77.5886655,55.83,0.0,70.0756,33.3952,41.3564,High,146,6
U-d088d7db,Unknown Hotspot U-0089,Pulikeshinagar(F.Town),13.0003886,77.611338,62.94,0.0,80.8329,0.0,41.3426,High,147,2
N-ad689fd9,BTP028 - Vijayanagar Bus Stand Junction,Vijayanagara,12.9725692,77.5380619,57.84,0.0,76.1216,19.295,41.2546,High,148,9
U-9b3d93ea,Unknown Hotspot U-0007,Bellandur,12.8997134,77.6754664,61.37,0.0,81.4279,2.7502,41.2461,High,149,3
U-a7079eda,Unknown Hotspot U-0098,Yeshwanthpura,13.0338245,77.5578323,68.54,0.0,69.0304,0.0,41.2221,High,150,2
U-5e3433f6,Unknown Hotspot U-0054,Whitefield,12.9874324,77.7345597,64.96,0.0,75.3819,0.974,41.2065,High,151,3
U-e8f05a04,Unknown Hotspot U-0225,Halasur,12.9811187,77.6304775,75.2,0.0,53.4973,2.5974,41.1691,High,152,2
U-fcb30519,Unknown Hotspot U-0121,Yeshwanthpura,13.0189052,77.5577103,64.91,0.0,75.9608,0.0,41.1562,High,153,3
U-f82498fd,Unknown Hotspot U-0148,Bellandur,12.9213733,77.66647,60.58,0.0,81.9103,2.7502,41.0266,High,154,4
U-10742d64,Unknown Hotspot U-0085,Mico Layout,12.9308782,77.6065274,62.57,0.0,78.2441,2.0779,40.9885,High,155,5
U-05cc6c28,Unknown Hotspot U-0081,K.G. Halli,13.0352492,77.6244475,63.94,0.0,76.3145,0.0,40.8389,High,156,1
N-ea777e73,"BTP186 - 9th Cross, 4th Main, Jayanagar",Basavanagudi,12.9387561,77.5791377,37.42,70.94,38.2859,2.0779,40.6719,High,157,3
N-1d7a62c4,"BTP094 - Sri Skanda Complex, Mysore Road",Byatarayanapura,12.9557868,77.5461691,72.42,0.0,55.8128,3.5964,40.67,High,158,8
N-759526c1,"BTP022 - Marenahalli Junction, Vijayanagar",Vijayanagara,12.9687797,77.5367343,53.87,0.0,80.9455,19.295,40.6313,High,159,10
N-208e198e,BTP061 - Bhashyam Circle,Rajajinagar,12.9852373,77.5538787,52.7,0.0,80.1254,23.1079,40.5713,High,160,9
N-f7fe5406,BTP184 - Lalbagh West Gate,Wilson Garden,12.9485192,77.5805975,44.38,64.14,31.9344,2.1251,40.4927,High,161,2
N-5eb79fc5,"BTP168 - MSR Building, JC Road",Halasuru Gate,12.9612182,77.5843119,71.11,0.0,56.9706,4.329,40.4875,High,162,5
U-b8b2e331,Unknown Hotspot U-0170,R.T. Nagar,13.0054991,77.5936226,63.97,0.0,73.1468,1.4168,40.4299,High,163,1
U-838f2a9f,Unknown Hotspot U-0180,Yeshwanthpura,13.0189546,77.5532821,67.88,0.0,66.329,0.0,40.4178,High,164,4
U-0528ec4e,Unknown Hotspot U-0139,Rajajinagar,13.0017796,77.5257616,58.89,0.0,66.3129,23.1079,40.2848,High,165,10
N-b3c253ea,BTP120 - Lalbagh Main Gate Junction,City Market,12.9542039,77.584098,64.79,0.0,52.5165,25.6684,40.2696,High,166,9
N-890ad694,BTP173 - TMC,Shivajinagar,12.9823149,77.5987504,42.12,0.0,55.0571,82.5974,40.249,High,167,8
N-e40a01aa,BTP023 - Mahalaxmi Layout Entrance,Rajajinagar,13.0080386,77.5485167,53.42,0.0,77.022,23.1079,40.2386,High,168,11
N-67596e34,BTP203 - RRMR Junction,Halasuru Gate,12.9673479,77.5935331,70.11,0.0,57.26,4.329,40.1454,High,169,6
U-44c92018,Unknown Hotspot U-0073,Yeshwanthpura,13.0274434,77.5428048,62.75,0.0,75.1407,0.0,40.1281,High,170,5
U-e89e18bb,Unknown Hotspot U-0108,Rajajinagar,13.0088163,77.5430917,55.28,0.0,72.0051,23.1079,39.9792,High,171,12
U-04c61ddb,Unknown Hotspot U-0184,Jeevanbheemanagar,12.9668192,77.6582609,75.56,0.0,45.2806,4.4527,39.948,High,172,5
U-4e656e25,Unknown Hotspot U-0216,Whitefield,12.9422498,77.7472366,68.12,0.0,61.8749,0.974,39.7691,High,173,4
U-124113c8,Unknown Hotspot U-0176,K.S. Layout,12.9096657,77.5501363,67.3,0.0,62.4216,1.2987,39.5991,High,174,1
U-75038811,Unknown Hotspot U-0346,Shivajinagar,12.9875068,77.6019629,60.51,0.0,14.6647,82.5974,39.5266,High,175,9
N-556aa253,BTP196 - Sarakki Main Road,J.P. Nagar,12.9109965,77.5783382,69.49,0.0,58.3052,0.0,39.457,High,176,2
N-a6be7fc5,BTP037 - KR Circle,Upparpet,12.9766307,77.583476,42.57,0.0,37.0478,100.0,39.4376,High,177,11
U-0247ded6,Unknown Hotspot U-0223,Yelahanka,13.1219377,77.6114939,62.33,0.0,67.8244,5.994,39.396,High,178,2
N-b129d65d,"BTP070 - Cholurpalya Junction, Magadi Road",Magadi Road,12.9734843,77.5508059,56.03,0.0,81.846,3.8961,39.3656,High,179,5
N-95d38317,"BTP210 - 50th cross, 12th Main , Rajajinagar",Rajajinagar,12.9869792,77.5551246,52.81,0.0,73.3076,23.1079,39.2517,High,180,13
U-76da9b15,Unknown Hotspot U-0059,Halasur,12.9789284,77.6287535,60.64,0.0,72.8735,2.5974,39.2203,High,181,3
U-783a29c8,Unknown Hotspot U-0068,Sadashivanagar,13.0278618,77.5747026,55.7,0.0,82.7303,2.5974,39.2157,High,182,2
N-1db9a8fa,BTP092 - Bangalore Builders Junction,Chamarajpet,12.9591119,77.5561384,70.52,0.0,49.0915,7.7922,39.1951,High,183,4
U-7f95a75a,Unknown Hotspot U-0213,Wilson Garden,12.9461451,77.5878151,63.7,0.0,66.7792,2.1251,39.1546,High,184,3
U-59b4cc9e,Unknown Hotspot U-0090,Peenya,13.0471034,77.500994,71.7,0.0,52.3557,0.0,39.1511,High,185,2
N-19fcd432,BTP208 - Havanur Circle,Vijayanagara,12.9886218,77.5376877,55.29,0.0,70.4776,19.295,39.1058,High,186,11
N-10dee132,"BTP206 - Shankara Mutt Circle, Vijayanagar",Vijayanagara,12.9985979,77.5414125,53.69,0.0,73.4202,19.295,39.0543,High,187,12
U-bff992ac,Unknown Hotspot U-0329,K.S. Layout,12.9115078,77.552109,68.07,0.0,57.662,1.2987,38.9552,High,188,2
N-ab502c40,BTP091 - Sirsi Circle,Chamarajpet,12.960471,77.5600308,69.14,0.0,50.201,7.7922,38.865,High,189,5
U-439c24ac,Unknown Hotspot U-0084,Adugodi,12.9257818,77.6336206,60.9,0.0,71.2816,0.8202,38.7393,High,190,4
U-c12138e2,Unknown Hotspot U-0156,Byatarayanapura,12.9360188,77.5179346,58.64,0.0,73.6292,3.5964,38.7213,High,191,9
U-6c5165e2,Unknown Hotspot U-0248,Adugodi,12.9402182,77.6199825,72.4,0.0,48.1589,0.8202,38.7148,High,192,5
U-2820290e,Unknown Hotspot U-0211,Whitefield,12.9629566,77.7329686,68.66,0.0,55.443,0.974,38.6987,High,193,5
N-db316af4,BTP068 - Veeresh Theatre Junction,Vijayanagara,12.9769534,77.5454316,55.75,0.0,67.4707,19.295,38.6884,High,194,13
U-555c9911,Unknown Hotspot U-0051,R.T. Nagar,13.0250599,77.5853057,55.64,0.0,80.8973,1.4168,38.648,High,195,2
N-860b5ce5,BTP010 - Rajajinagar Entrance,Magadi Road,12.9813152,77.559714,56.74,0.0,76.4753,3.8961,38.5755,High,196,6
U-445a1ce2,Unknown Hotspot U-0034,Jeevanbheemanagar,12.9783357,77.6400747,56.92,0.0,75.5427,4.4527,38.5444,High,197,6
N-14f8e9ca,"BTP083 - AS Char Street, Mysore Road",V.V.Puram (C.Pet),12.9643791,77.5742978,65.73,0.0,55.5234,6.8182,38.4194,High,198,2
U-c2e83761,Unknown Hotspot U-0198,Bellandur,12.9240668,77.6734489,64.49,0.0,60.9744,2.7502,38.4034,High,199,5
U-bd4b0f79,Unknown Hotspot U-0067,Bellandur,12.9174004,77.6722529,57.55,0.0,74.4171,2.7502,38.316,High,200,6
U-8bc09b70,Unknown Hotspot U-0035,Bellandur,12.9068096,77.6966917,61.59,0.0,66.2004,2.7502,38.2886,High,201,7
U-3ea59f70,Unknown Hotspot U-0011,Sheshadripuram,12.9964644,77.5627319,53.77,0.0,75.4784,10.3896,38.1621,High,202,2
U-5fab61d9,Unknown Hotspot U-0337,Mahadevapura,12.9791048,77.709662,82.43,0.0,22.8976,3.4632,38.071,High,203,5
U-9efb42d8,Unknown Hotspot U-0379,Jalahalli,13.0456411,77.5485741,77.02,0.0,36.3081,0.0,38.0696,High,204,1
N-7a5e2652,BTP051 - Safina Plaza Junction,Cubbon Park,12.9752449,77.6074054,66.05,0.0,49.7347,10.1299,37.8864,High,205,4
U-d78f6e60,Unknown Hotspot U-0083,Hennuru,13.0835478,77.6376312,67.81,0.0,53.7868,0.0,37.8814,High,206,1
U-a7e19b6b,Unknown Hotspot U-0172,Adugodi,12.9363858,77.6172772,60.8,0.0,66.8114,0.8202,37.8053,High,207,6
U-2a15430f,Unknown Hotspot U-0150,Kamakshipalya,12.9871226,77.5195473,60.76,0.0,66.3933,1.4168,37.7952,High,208,1
N-53e92715,BTP207 - 8th Main Road Basaveshwara Nagar,Vijayanagara,12.9918975,77.5384735,59.8,0.0,54.7355,19.295,37.7613,High,209,14
U-451d4eab,Unknown Hotspot U-0117,Yelahanka,13.0936355,77.5942196,56.98,0.0,70.2042,5.994,37.7319,High,210,3
N-595a75cd,"BTP123 - 10th Cross, Wilson Garden",Wilson Garden,12.9460309,77.5960577,55.72,0.0,75.4301,2.1251,37.6928,High,211,4
N-a7daae55,"BTP127 - Sagar Hospital, Jayanagar",Jayanagara,12.9273819,77.5974821,73.39,0.0,40.2155,1.3552,37.6024,High,212,2
U-64f65dda,Unknown Hotspot U-0069,K.R. Pura,13.0458741,77.7503298,56.64,0.0,73.5327,1.2987,37.5573,High,213,3
U-c0c630cb,Unknown Hotspot U-0230,Pulikeshinagar(F.Town),12.9905091,77.6121291,71.74,0.0,44.2193,0.0,37.5399,High,214,3
N-e4244b5d,"BTP226 - 33rd Cross, 11th Main, Jayanagar",Jayanagara,12.9259266,77.5856327,57.37,0.0,71.6836,1.3552,37.488,High,215,3
N-354315d8,"BTP015 - Suguna Hospital, Dr. Rajkumar Road",Rajajinagar,12.9877104,77.5594992,62.28,0.0,45.3449,23.1079,37.4472,High,216,14
U-40ec80fe,Unknown Hotspot U-0080,Mahadevapura,12.998918,77.6881467,60.03,0.0,64.3833,3.4632,37.4081,High,217,6
N-4ab405ec,BTP044 - Sagar Theatre Junction,City Market,12.9726174,77.5772994,47.16,0.0,73.2915,25.6684,37.3726,High,218,10
U-40527cd3,Unknown Hotspot U-0133,Jeevanbheemanagar,12.9593522,77.655814,59.86,0.0,63.708,4.4527,37.3535,High,219,7
N-ffc29702,"BTP179 - 9th Block, 28th Main, Jayanagar",Jayanagara,12.9170085,77.5950962,72.75,0.0,40.1994,1.3552,37.3432,High,220,4
U-31b59f92,Unknown Hotspot U-0147,Kodigehalli,13.060033,77.5765847,52.23,0.0,63.2738,24.6753,37.2481,High,221,6
N-82a2a9e2,"BTP182 - 19th Main Junction, Rajajinagar",Rajajinagar,12.996562,77.5515603,51.85,0.0,65.1069,23.1079,37.2276,High,222,15
U-eee7805c,Unknown Hotspot U-0125,Banaswadi,13.0222773,77.6385524,54.02,0.0,72.1338,7.7922,37.2036,High,223,2
N-6aead0ff,BTP085 - Briyand Circle,Chamarajpet,12.9661841,77.5694044,59.55,0.0,60.4599,7.7922,37.0808,High,224,6
U-2746b729,Unknown Hotspot U-0041,R.T. Nagar,13.0229226,77.5928981,56.35,0.0,71.2976,1.4168,37.012,High,225,3
U-ca1987f9,Unknown Hotspot U-0333,Pulikeshinagar(F.Town),13.0059966,77.6206483,76.63,0.0,31.0982,0.0,36.8716,High,226,4
U-b6f5dc4d,Unknown Hotspot U-0010,Peenya,13.0453957,77.5071079,54.29,0.0,75.5427,0.0,36.8245,High,227,3
N-de813f8d,BTP172 - Nanjappa Circle,Ashok Nagar,12.9617021,77.5994891,53.74,0.0,72.7448,4.4527,36.7129,High,228,3
N-01a6c93e,"BTP115 - Sahasra Hospital, Jayanagar",Jayanagara,12.9173571,77.5741261,55.67,0.0,70.6866,1.3552,36.6086,High,229,5
U-a9726f36,Unknown Hotspot U-0215,Malleshwaram,13.0079288,77.5569859,47.61,0.0,55.7646,42.5974,36.5865,High,230,10
U-9ce2a13e,Unknown Hotspot U-0128,Hennuru,13.0718309,77.6337284,60.81,0.0,61.3121,0.0,36.5864,High,231,2
U-665c7113,Unknown Hotspot U-0049,Magadi Road,12.9757349,77.5588195,49.99,0.0,80.0289,3.8961,36.5862,High,232,7
U-f0d0546f,Unknown Hotspot U-0266,R.T. Nagar,13.017621,77.5916759,64.68,0.0,52.5004,1.4168,36.5846,High,233,4
N-7d24ee8a,BTP071 - Prasanna Junction,Magadi Road,12.9743695,77.5520342,51.1,0.0,77.7617,3.8961,36.5768,High,234,8
U-408e8fe6,Unknown Hotspot U-0096,Jnanabharathi,12.9609571,77.5116777,50.95,0.0,78.4692,3.1169,36.5414,High,235,1
U-9d962149,Unknown Hotspot U-0182,Peenya,13.0419043,77.514472,59.73,0.0,63.2095,0.0,36.5339,High,236,4
N-ad921a31,BTP008 - Navarang Theatre,Rajajinagar,12.9981231,77.5533361,50.06,0.0,64.7693,23.1079,36.444,High,237,16
U-31bc4dc9,Unknown Hotspot U-0396,Byatarayanapura,12.9523512,77.5204954,77.78,0.0,23.5086,3.5964,36.3532,High,238,10
U-4eaba823,Unknown Hotspot U-0135,Wilson Garden,12.937714,77.5851459,53.07,0.0,73.9026,2.1251,36.3273,High,239,5
N-f30be51b,BTP091 - Sirsi Circle,Magadi Road,12.9637822,77.5573579,60.03,0.0,58.3374,3.8961,36.2639,High,240,9
N-d8b31244,BTP208 - Havanur Circle,Kamakshipalya,12.987038,77.5372613,59.44,0.0,60.4277,1.4168,36.0741,High,241,2
U-b00c0efe,Unknown Hotspot U-0251,Mahadevapura,12.9846113,77.7082782,61.88,0.0,53.8029,3.4632,36.0321,High,242,7
U-fc3a3fe8,Unknown Hotspot U-0285,Electronic City,12.8231324,77.6855349,74.9,0.0,16.2084,18.7013,36.0069,High,243,6
U-6fb96efa,Unknown Hotspot U-0258,HAL Old Airport,12.9585716,77.6682409,55.26,0.0,60.7332,11.6883,36.0039,High,244,7
U-f0635118,Unknown Hotspot U-0301,Rajajinagar,13.0116136,77.5288472,67.14,0.0,28.3968,23.1079,36.0016,High,245,17
N-34c28996,"BTP117 - 9th Cross, Kanakapura Road",Jayanagara,12.9126379,77.5732468,60.14,0.0,57.4851,1.3552,35.7563,High,246,6
U-6aedc9d1,Unknown Hotspot U-0161,Bellandur,12.9130291,77.6796335,50.44,0.0,75.8321,2.7502,35.755,High,247,8
U-31972c11,Unknown Hotspot U-0159,Rajajinagar,13.019648,77.5386651,50.22,0.0,60.8458,23.1079,35.7233,High,248,18
U-87268ac6,Unknown Hotspot U-0284,Hennuru,13.0500988,77.6302501,65.72,0.0,46.7278,0.0,35.6336,High,249,3
N-9f369d1a,"BTP099 - Cash Pharmacy, Residency Road",Ashok Nagar,12.9676997,77.6013385,59.1,0.0,56.5364,4.4527,35.6152,High,250,4
N-77e74241,BTP010 - Rajajinagar Entrance,Rajajinagar,12.9844548,77.5600076,51.03,0.0,58.5303,23.1079,35.5843,High,251,19
N-83d9224b,"BTP189 - New Diagonal Road, Jayanagar",Jayanagara,12.9281123,77.5806976,52.26,0.0,72.2946,1.3552,35.5662,High,252,7
N-83573d2c,"BTP099 - Cash Pharmacy, Residency Road",Cubbon Park,12.9705835,77.5992361,56.21,0.0,57.7424,10.1299,35.552,High,253,5
U-c138ca91,Unknown Hotspot U-0171,Vijayanagara,12.9643486,77.5411404,46.68,0.0,69.8987,19.295,35.546,High,254,15
U-151e8bff,Unknown Hotspot U-0273,HAL Old Airport,12.9682549,77.7013601,56.96,0.0,54.7676,11.6883,35.4908,High,255,8
N-0697d3ec,BTP038 - Mysore Bank Junction,Halasuru Gate,12.972215,77.5817617,49.69,0.0,74.401,4.329,35.4056,High,256,7
N-c6f97e86,BTP018 - Dhobi Ghat Junction,Rajajinagar,12.9873282,77.5505194,50.51,0.0,58.5785,23.1079,35.3859,High,257,20
U-efbdce30,Unknown Hotspot U-0243,Jeevanbheemanagar,12.9813263,77.6406964,65.19,0.0,43.1902,4.4527,35.3819,High,258,8
U-d5263b17,Unknown Hotspot U-0241,Banashankari,12.9384018,77.5334704,66.08,0.0,43.8173,1.1988,35.3753,High,259,1
N-6dc16f5d,"BTP197 - 9th Cross, 24th Main, JP Nagar",J.P. Nagar,12.9115495,77.58599,55.91,0.0,64.6889,0.0,35.3018,High,260,3
N-8c293a82,BTP192 - Urvashi Theater,Wilson Garden,12.9566555,77.5861343,49.5,0.0,75.8482,2.1251,35.2884,High,261,6
U-ae693b7b,Unknown Hotspot U-0123,Chikkajala,13.184063,77.6876371,51.23,0.0,68.1299,7.7922,35.2868,High,262,5
N-fe1cac9f,"BTP093 - Toll Gate, Mysore Road",Chamarajpet,12.9576652,77.5530534,66.8,0.0,36.9191,7.7922,35.2727,High,263,7
N-de2732a7,BTP069 - MC Circle,Magadi Road,12.9751012,77.5482804,53.52,0.0,66.3772,3.8961,35.2679,High,264,10
U-1485b04a,Unknown Hotspot U-0342,Whitefield,12.983324,77.7521067,63.25,0.0,49.0272,0.974,35.2515,High,265,6
N-e9c31dd4,BTP078 - NR Square Junction,Halasuru Gate,12.9658734,77.5854068,54.09,0.0,64.7532,4.329,35.236,High,266,8
U-3591e845,Unknown Hotspot U-0024,Peenya,13.0105397,77.5064419,59.62,0.0,56.8419,0.0,35.2164,High,267,5
U-f2f20f60,Unknown Hotspot U-0181,Hennuru,13.0455091,77.6271183,60.49,0.0,54.8963,0.0,35.1753,High,268,4
N-5238b46a,BTP076 - Hudson Circle,Halasuru Gate,12.9679927,77.5888372,53.19,0.0,65.8788,4.329,35.1011,High,269,9
N-f013bb9f,BTP119 - Minerva Circle,City Market,12.9553563,77.5805822,50.17,0.0,55.4591,25.6684,35.0101,High,270,11
U-7765280c,Unknown Hotspot U-0093,Sadashivanagar,13.007385,77.5792626,53.97,0.0,65.0426,2.5974,34.9861,High,271,3
N-9d88528b,BTP126 - Dairy Circle,Mico Layout,12.9364045,77.6026033,53.64,0.0,65.734,2.0779,34.9145,High,272,6
U-3e2cedab,Unknown Hotspot U-0305,Hebbala,13.055761,77.594073,40.87,0.0,33.5906,77.9221,34.7544,High,273,3
U-0499d4a7,Unknown Hotspot U-0036,Kodigehalli,13.0539216,77.5927464,54.75,0.0,45.1841,24.6753,34.6381,High,274,7
U-7857e79f,Unknown Hotspot U-0055,Jnanabharathi,12.9716278,77.5076031,53.36,0.0,64.0939,3.1169,34.6303,High,275,2
N-91f9d435,BTP140 - Madiwala Check Post,Adugodi,12.9335863,77.6155158,55.02,0.0,61.8427,0.8202,34.4996,High,276,7
N-e22f29d6,"BTP145 - Sri Hatti Maramma Circle, Domluru",Halasur,12.9612776,77.636212,55.59,0.0,59.3021,2.5974,34.486,High,277,4
N-f6ae8e50,BTP130 - GD Mara Junction,Mico Layout,12.9081999,77.6009898,52.05,0.0,66.4898,2.0779,34.4296,High,278,7
N-566b213d,BTP146 - Domlur Water Tank,Halasur,12.9605486,77.6386603,57.13,0.0,55.7324,2.5974,34.3881,High,279,5
N-0002061c,BTP213 - Royan Circle,Chamarajpet,12.9606725,77.5681329,69.59,0.0,26.7889,7.7922,34.3626,High,280,8
U-9613bb41,Unknown Hotspot U-0256,Hulimavu,12.8729625,77.5942169,59.43,0.0,35.8257,22.5108,34.3138,High,281,5
N-283e1c6c,BTP106 - VV Puram College,V.V.Puram (C.Pet),12.952855,77.5744949,56.39,0.0,53.6742,6.8182,34.3136,High,282,3
U-2ef4aad5,Unknown Hotspot U-0115,HSR Layout,12.9105869,77.6445532,54.92,0.0,58.3534,4.329,34.288,High,283,4
U-147a0e69,Unknown Hotspot U-0099,Whitefield,12.8966489,77.7200507,50.66,0.0,69.3198,0.974,34.2741,High,284,7
U-6e374766,Unknown Hotspot U-0092,Kamakshipalya,12.9896367,77.5018687,48.55,0.0,72.9378,1.4168,34.2201,High,285,3
U-ee669af7,Unknown Hotspot U-0043,Bellandur,12.9036684,77.7042074,50.43,0.0,68.0817,2.7502,34.2009,High,286,9
N-911b2c4b,BTP140 - Madiwala Check Post,Madiwala,12.9309067,77.6110863,64.12,0.0,39.5884,3.4632,34.0852,High,287,3
N-9a46dcad,BTP047 - Vidhan Soudha Metro Station,Cubbon Park,12.979836,77.5925128,52.25,0.0,58.0962,10.1299,34.0387,High,288,6
U-0a1aff26,Unknown Hotspot U-0061,K.S. Layout,12.9068603,77.5460382,54.0,0.0,61.0227,1.2987,33.9993,High,289,3
N-344943d4,"BTP176 - Rajalakshmi Kalyana Mantapa, JP Nagar",Jayanagara,12.9173554,77.5782437,55.18,0.0,58.1605,1.3552,33.9074,High,290,8
U-12cee03d,Unknown Hotspot U-0130,Pulikeshinagar(F.Town),12.9874386,77.6186903,50.16,0.0,69.1269,0.0,33.8894,High,291,5
N-6e2ba48c,BTP212 - Minto Junction,V.V.Puram (C.Pet),12.9603143,77.5714076,62.28,0.0,39.7331,6.8182,33.8813,High,292,4
U-5dca6a2c,Unknown Hotspot U-0177,High ground,12.9918628,77.5944243,46.34,0.0,51.5195,33.3952,33.8492,High,293,7
N-99914d65,BTP032 - Windsor Circle,Sheshadripuram,12.9966407,77.5841631,48.57,0.0,64.1904,10.3896,33.8245,High,294,3
U-3e44fd0f,Unknown Hotspot U-0287,K.R. Pura,13.054436,77.7630071,57.62,0.0,52.7898,1.2987,33.8008,High,295,4
U-ee5f6ece,Unknown Hotspot U-0334,Chikkajala,13.1612798,77.6265293,64.74,0.0,33.2208,7.7922,33.709,High,296,6
U-257bf62e,Unknown Hotspot U-0262,HAL Old Airport,12.9561954,77.7111769,63.22,0.0,33.1404,11.6883,33.6693,High,297,9
N-a7b466f4,BTP122 - Siddapura Junction,Wilson Garden,12.9484003,77.5927961,56.04,0.0,54.3335,2.1251,33.6015,High,298,7
U-ef1f763d,Unknown Hotspot U-0141,Vijayanagara,12.9688915,77.545569,44.09,0.0,65.2034,19.295,33.5709,High,299,16
N-99edbc8e,"BTP093 - Toll Gate, Mysore Road",Magadi Road,12.9600387,77.5516903,66.04,0.0,32.7384,3.8961,33.5481,High,300,11
U-d69108a3,Unknown Hotspot U-0338,K.G. Halli,13.0329403,77.627336,68.62,0.0,29.9566,0.0,33.4393,High,301,2
U-3f41b525,Unknown Hotspot U-0244,Mahadevapura,12.9867021,77.6901162,66.54,0.0,31.1947,3.4632,33.3744,High,302,8
N-625c70c2,BTP138 - Sarjapur Road Check Post,Madiwala,12.9266432,77.6166981,58.25,0.0,47.7408,3.4632,33.3676,High,303,4
U-b926ccb3,Unknown Hotspot U-0242,Electronic City,12.8356364,77.679175,53.17,0.0,46.0846,18.7013,33.2901,High,304,7
U-0e56767a,Unknown Hotspot U-0110,Chamarajpet,12.9688346,77.567966,59.75,0.0,40.7943,7.7922,33.2277,High,305,9
N-81e5ab2e,BTP100 - Richmond Circle,Ashok Nagar,12.9627558,77.5983063,50.81,0.0,60.894,4.4527,33.1707,High,306,5
U-8370db61,Unknown Hotspot U-0291,Adugodi,12.9395067,77.6255715,60.07,0.0,45.0555,0.8202,33.1621,High,307,8
N-baac87e5,BTP142 - Lower Agram Road Junction,Ashok Nagar,12.9618241,77.6154959,67.74,0.0,26.8371,4.4527,33.1313,High,308,6
U-b34f191b,Unknown Hotspot U-0190,Kodigehalli,13.0366658,77.5747562,47.19,0.0,52.7577,24.6753,33.1288,High,309,8
U-d87d356f,Unknown Hotspot U-0269,Mahadevapura,12.977901,77.7129209,65.91,0.0,30.9374,3.4632,33.071,High,310,9
N-428a64fd,BTP155 - Katriguppe Junction,Banashankari,12.9266994,77.5507429,52.64,0.0,58.9645,1.1988,33.0287,High,311,2
U-b7d4e8a4,Unknown Hotspot U-0280,Rajajinagar,13.0106276,77.5359806,59.79,0.0,28.22,23.1079,33.0262,High,312,21
U-3eb47958,Unknown Hotspot U-0168,Sheshadripuram,12.9980316,77.5815248,49.27,0.0,58.7715,10.3896,33.0207,High,313,4
U-32926ee3,Unknown Hotspot U-0275,Mico Layout,12.9135991,77.6053213,49.12,0.0,64.8336,2.0779,32.9264,High,314,8
U-082f8234,Unknown Hotspot U-0046,Thalagattapura,12.8885892,77.5626791,45.73,0.0,73.1307,0.0,32.9181,High,315,1
U-24d36762,Unknown Hotspot U-0208,HSR Layout,12.8943786,77.657225,52.97,0.0,55.3626,4.329,32.9099,High,316,5
N-af9b6d1e,BTP053 - Three Let Junction,High ground,12.9839718,77.5817777,51.99,0.0,35.5202,33.3952,32.9093,High,317,8
U-92662386,Unknown Hotspot U-0288,HAL Old Airport,12.9500199,77.6897486,63.24,0.0,29.024,11.6883,32.854,High,318,10
U-55ace1d0,Unknown Hotspot U-0297,Kodigehalli,13.0676927,77.5803411,62.55,0.0,20.6464,24.6753,32.8506,High,319,9
U-7439b46c,Unknown Hotspot U-0369,Banaswadi,12.9916136,77.6524204,59.81,0.0,38.7361,7.7922,32.8401,High,320,3
U-c019fd97,Unknown Hotspot U-0249,Chikkabanavara,13.0501624,77.4944991,52.2,0.0,59.7041,0.0,32.8208,High,321,2
U-b5b3ce01,Unknown Hotspot U-0100,No Police Station,13.0586889,77.4664061,60.9,0.0,42.2576,0.0,32.8115,High,322,1
U-8e1195ad,Unknown Hotspot U-0016,Banashankari,12.9349846,77.5365009,48.54,0.0,65.8948,1.1988,32.7748,High,323,3
U-4c35f862,Unknown Hotspot U-0183,Ashok Nagar,12.9701686,77.6102037,52.43,0.0,55.652,4.4527,32.7703,High,324,7
U-63b90cf1,Unknown Hotspot U-0323,No Police Station,12.8835077,77.7522697,57.44,0.0,48.8825,0.0,32.7525,High,325,2
N-4bfd5edc,BTP128 - Gorappanapalya Junction,Jayanagara,12.9215213,77.5993308,66.07,0.0,30.1495,1.3552,32.6612,High,326,9
U-0efe2b33,Unknown Hotspot U-0163,Jalahalli,13.0504889,77.5255347,49.81,0.0,63.6276,0.0,32.6495,High,327,2
U-6a2c3097,Unknown Hotspot U-0247,Malleshwaram,13.0068266,77.5681399,56.36,0.0,18.54,42.5974,32.6416,High,328,11
U-cbe3c289,Unknown Hotspot U-0173,Kamakshipalya,12.9891742,77.5078196,52.4,0.0,57.2761,1.4168,32.6277,High,329,4
N-e011da3c,BTP136 - Hosur-Tavarkere Road Junction,Adugodi,12.9370041,77.6101273,61.16,0.0,39.9904,0.8202,32.5851,High,330,9
U-5d0c34b7,Unknown Hotspot U-0146,Basavanagudi,12.9416511,77.5670856,43.03,0.0,74.7869,2.0779,32.4811,High,331,4
N-a94f27e6,BTP092 - Bangalore Builders Junction,Magadi Road,12.9599587,77.554374,66.6,0.0,25.9688,3.8961,32.4182,High,332,12
U-58800513,Unknown Hotspot U-0259,Hennuru,13.0604311,77.6520891,60.24,0.0,41.1481,0.0,32.3256,High,333,5
N-5a4b5af8,BTP143 - ASC Junction,Halasur,12.9694987,77.6197458,60.63,0.0,38.0929,2.5974,32.2602,High,334,6
U-b979dd4f,Unknown Hotspot U-0114,Byatarayanapura,12.9609401,77.5277935,48.1,0.0,62.1643,3.5964,32.2123,High,335,11
N-2e6c4e7b,BTP214 - 5th Main Chamrajpet Junction,Chamarajpet,12.9580301,77.5672278,58.24,0.0,38.4789,7.7922,32.1606,High,336,10
N-1c8299ea,BTP121 - KH Circle,Wilson Garden,12.9518537,77.5903747,55.47,0.0,48.2393,2.1251,32.1546,High,337,8
U-4288e597,Unknown Hotspot U-0187,Whitefield,12.9557599,77.7185076,57.61,0.0,44.6213,0.974,32.1144,High,338,8
U-0a361a49,Unknown Hotspot U-0004,Cubbon Park,12.976115,77.599407,55.06,0.0,42.7721,10.1299,32.0979,High,339,7
U-3f240245,Unknown Hotspot U-0214,Jalahalli,13.0550168,77.5347961,50.99,0.0,58.3052,0.0,32.057,High,340,3
N-b96a81b6,BTP017 - Attiguppe Circle,Byatarayanapura,12.9605883,77.529287,52.2,0.0,53.1597,3.5964,32.0514,High,341,12
U-6f77ffe3,Unknown Hotspot U-0380,Kodigehalli,13.052752,77.5749162,63.14,0.0,15.4526,24.6753,32.0478,High,342,10
U-04ff2203,Unknown Hotspot U-0165,Jalahalli,13.0509516,77.5526774,47.6,0.0,64.8014,0.0,32.0003,High,343,4
U-79451e09,Unknown Hotspot U-0202,HSR Layout,12.9035192,77.6420905,59.63,0.0,37.4819,4.329,31.9977,High,344,6
N-a941a018,BTP036 - Police Thimmaiah Circle (GPO),Cubbon Park,12.9810543,77.5943219,55.91,0.0,40.2637,10.1299,31.9362,High,345,8
U-adf81120,Unknown Hotspot U-0145,K.R. Pura,13.0034633,77.7234964,48.44,0.0,61.698,1.2987,31.9104,High,346,5
U-2f2b0b54,Unknown Hotspot U-0196,Yeshwanthpura,13.0247068,77.5470531,70.63,0.0,18.1701,0.0,31.886,High,347,6
N-55d62f95,BTP218 - Syndicate Bank Junction,Jayanagara,12.9336089,77.5841988,48.95,0.0,60.2669,1.3552,31.8367,High,348,10
N-62d87194,BTP192 - Urvashi Theater,City Market,12.9560628,77.5857276,40.22,0.0,59.1574,25.6684,31.7698,High,349,12
U-548c4d71,Unknown Hotspot U-0088,Kengeri,12.9320183,77.5157002,50.72,0.0,57.2279,0.0,31.7336,High,350,1
U-6bbddca0,Unknown Hotspot U-0385,Yelahanka,13.1214613,77.6145927,62.23,0.0,29.6832,5.994,31.7277,High,351,4
N-4fae87f0,BTP052 - CID Carlton House Junction,Upparpet,12.9786016,77.5834311,39.34,0.0,4.9526,100.0,31.7265,Medium,352,12
U-373c2b94,Unknown Hotspot U-0313,Banaswadi,12.983513,77.679874,64.05,0.0,24.393,7.7922,31.6674,Medium,353,4
U-cdba5587,Unknown Hotspot U-0137,K.R. Pura,13.0194878,77.7087255,54.95,0.0,47.4031,1.2987,31.6554,Medium,354,6
U-f083b2c8,Unknown Hotspot U-0377,K.R. Pura,13.0347326,77.7340818,74.36,0.0,8.458,1.2987,31.6304,Medium,355,7
N-0cfe38c4,"BTP101 - Blood Bank Circle, KH Road",Ashok Nagar,12.9619672,77.5963799,48.07,0.0,58.6429,4.4527,31.6245,Medium,356,8
N-18b66d4c,BTP075 - Police Corner,Halasuru Gate,12.9688457,77.5862827,47.87,0.0,58.5785,4.329,31.5131,Medium,357,10
U-c7fb5150,Unknown Hotspot U-0094,Hulimavu,12.8576554,77.5890331,46.55,0.0,47.4674,22.5108,31.4901,Medium,358,6
N-48d60f8c,BTP037 - KR Circle,Cubbon Park,12.9766125,77.5885171,49.61,0.0,50.5708,10.1299,31.4776,Medium,359,9
N-920c081b,"BTP188 - 27th Cross, 4th Main, Jayanagar",Jayanagara,12.9296815,77.5805691,50.02,0.0,56.3113,1.3552,31.4735,Medium,360,11
N-d5cb668a,BTP034 - LRDE Junction,High ground,12.988379,77.5917135,37.15,0.0,57.9193,33.3952,31.4531,Medium,361,9
U-d88b349b,Unknown Hotspot U-0166,Jalahalli,13.0473107,77.5425154,57.97,0.0,41.1159,0.0,31.4112,Medium,362,5
U-ecf4dc18,Unknown Hotspot U-0134,Yelahanka,13.0990933,77.5770691,50.34,0.0,51.8411,5.994,31.4033,Medium,363,5
U-a6013ef1,Unknown Hotspot U-0205,Jalahalli,13.0688375,77.5300294,54.29,0.0,48.1267,0.0,31.3413,Medium,364,6
U-573c0e12,Unknown Hotspot U-0384,Malleshwaram,13.004758,77.5623875,56.45,0.0,11.7865,42.5974,31.3269,Medium,365,12
U-c7f60972,Unknown Hotspot U-0162,Rajajinagar,13.016078,77.5499618,41.25,0.0,56.6972,23.1079,31.3056,Medium,366,22
U-dc58605a,Unknown Hotspot U-0233,Sheshadripuram,12.9933323,77.5681619,59.72,0.0,28.9436,10.3896,31.2352,Medium,367,5
U-8c23819f,Unknown Hotspot U-0327,Bellandur,12.9042338,77.6759627,56.85,0.0,40.3923,2.7502,31.231,Medium,368,10
U-05df2130,Unknown Hotspot U-0324,Hennuru,13.068787,77.6260371,58.92,0.0,38.0447,0.0,31.1769,Medium,369,6
U-d2849aa3,Unknown Hotspot U-0393,Electronic City,12.8509305,77.6574505,51.62,0.0,38.4145,18.7013,31.1361,Medium,370,8
U-01c5460e,Unknown Hotspot U-0302,Mico Layout,12.9222759,77.6104548,57.72,0.0,38.6397,2.0779,31.1276,Medium,371,9
N-ecc54442,BTP225 - Geetha Junction,Jayanagara,12.9283381,77.5858736,45.04,0.0,64.4477,1.3552,31.1088,Medium,372,12
U-9862fe52,Unknown Hotspot U-0143,Adugodi,12.9421585,77.6223004,48.39,0.0,57.871,0.8202,31.0532,Medium,373,10
N-005068d9,BTP067 - Jai Muni Rao Circle,Magadi Road,12.9785525,77.5428695,44.29,0.0,63.6276,3.8961,31.0259,Medium,374,13
N-d9734b73,BTP006 - Navarang Bar Junction,Rajajinagar,12.9909781,77.5575959,53.04,0.0,31.5324,23.1079,30.9887,Medium,375,23
U-649c9841,Unknown Hotspot U-0071,K.R. Pura,13.0358498,77.735893,50.12,0.0,53.6903,1.2987,30.9809,Medium,376,8
N-1e9d5981,BTP219 - Canara Bank Junction,Jayanagara,12.9311672,77.584537,43.43,0.0,66.94,1.3552,30.9633,Medium,377,13
N-f54bc40a,BTP218 - Syndicate Bank Junction,Wilson Garden,12.9369154,77.5849353,51.85,0.0,49.4613,2.1251,30.951,Medium,378,9
U-20e31028,Unknown Hotspot U-0206,Sadashivanagar,13.0055817,77.5806627,55.51,0.0,41.5983,2.5974,30.9133,Medium,379,4
U-cef64524,Unknown Hotspot U-0300,Whitefield,12.9557216,77.7208288,60.04,0.0,33.4459,0.974,30.8513,Medium,380,9
U-9fdd6f33,Unknown Hotspot U-0118,Magadi Road,12.9666392,77.5478049,44.69,0.0,61.8588,3.8961,30.8322,Medium,381,14
N-ed3addfb,BTP136 - Hosur-Tavarkere Road Junction,Madiwala,12.9322893,77.6099702,59.34,0.0,32.6741,3.4632,30.7903,Medium,382,5
U-1e53ec47,Unknown Hotspot U-0102,Jalahalli,13.0572875,77.5469449,41.9,0.0,69.8183,0.0,30.7237,Medium,383,7
U-dc5c7902,Unknown Hotspot U-0023,Electronic City,12.8756809,77.6709639,47.85,0.0,43.8495,18.7013,30.7151,Medium,384,9
N-4a524d74,BTP109 - Dewan Madhava Rao Junction,Basavanagudi,12.9408643,77.5724347,44.96,0.0,62.0679,2.0779,30.7093,Medium,385,5
N-6422ffc6,"BTP177 - Aurobindo Circle, ORR",J.P. Nagar,12.9151324,77.5857838,53.25,0.0,47.0011,0.0,30.7002,Medium,386,4
N-6c314d45,BTP042 - Minsk Square Junction (CTO),Cubbon Park,12.9804056,77.5976275,47.29,0.0,50.9085,10.1299,30.6172,Medium,387,10
N-d3aa905e,BTP205 - Modi Hospital Junction,Rajajinagar,12.9976781,77.5475278,50.41,0.0,34.5554,23.1079,30.5413,Medium,388,24
U-a4a6a9d8,Unknown Hotspot U-0299,Whitefield,12.9381363,77.7467652,51.48,0.0,49.0111,0.974,30.5403,Medium,389,10
U-131ae17f,Unknown Hotspot U-0245,Whitefield,12.9855012,77.7457358,57.28,0.0,37.1442,0.974,30.487,Medium,390,11
U-8ba26983,Unknown Hotspot U-0274,Whitefield,12.956615,77.7453822,61.33,0.0,28.027,0.974,30.2835,Medium,391,12
U-f89dd032,Unknown Hotspot U-0312,Malleshwaram,13.0060212,77.5647689,52.61,0.0,14.2306,42.5974,30.2797,Medium,392,13
U-d0a9584e,Unknown Hotspot U-0314,Rajajinagar,13.0131295,77.5347332,52.67,0.0,28.6059,23.1079,30.2554,Medium,393,25
N-a0e1705c,BTP105 - Shivasankara Circle,V.V.Puram (C.Pet),12.9569026,77.5741661,46.31,0.0,53.4009,6.8182,30.2269,Medium,394,5
N-2564782b,BTP158 - Devegowda Petrol Bunk,Banashankari,12.9212451,77.5602959,58.66,0.0,32.5293,1.1988,30.1497,Medium,395,4
U-53d74bb5,Unknown Hotspot U-0158,Pulikeshinagar(F.Town),12.9993034,77.62484,45.47,0.0,59.7363,0.0,30.1353,Medium,396,6
U-fd5121dc,Unknown Hotspot U-0203,Adugodi,12.9372154,77.6270648,41.07,0.0,67.7922,0.8202,30.1095,Medium,397,11
N-4328d32c,BTP126 - Dairy Circle,Adugodi,12.9373281,77.6035814,55.35,0.0,39.0577,0.8202,30.0746,Medium,398,12
N-ef0ddf84,"BTP117 - 9th Cross, Kanakapura Road",K.S. Layout,12.9135321,77.5729558,51.98,0.0,45.4253,1.2987,30.0719,Medium,399,4
U-e8b2a3ad,Unknown Hotspot U-0250,Mahadevapura,12.9875019,77.7092594,61.74,0.0,24.0392,3.4632,30.0233,Medium,400,10
U-f1caeaad,Unknown Hotspot U-0103,Vijayanagara,12.9668709,77.5433996,45.2,0.0,45.0876,19.295,29.9918,Medium,401,17
U-75e7d8d4,Unknown Hotspot U-0072,High ground,12.9894685,77.5928792,36.57,0.0,51.6482,33.3952,29.9669,Medium,402,10
U-887ec7e9,Unknown Hotspot U-0120,R.T. Nagar,13.0205572,77.5841275,63.57,0.0,20.9841,1.4168,29.8373,Medium,403,5
U-619f77e4,Unknown Hotspot U-0221,Banaswadi,13.0126934,77.6262158,45.63,0.0,51.3909,7.7922,29.699,Medium,404,5
N-f6ca4bdc,BTP085 - Briyand Circle,V.V.Puram (C.Pet),12.9640597,77.5709812,59.18,0.0,24.5377,6.8182,29.6023,Medium,405,6
U-fe25d864,Unknown Hotspot U-0246,Pulikeshinagar(F.Town),13.0004497,77.6153503,47.67,0.0,52.5326,0.0,29.5745,Medium,406,7
N-78ba8dfe,"BTP221 - 15th Cross, 24th Main, JP Nagar",J.P. Nagar,12.9050226,77.5861887,48.87,0.0,50.0241,0.0,29.5528,Medium,407,5
U-43599fea,Unknown Hotspot U-0116,K.R. Pura,13.026376,77.7205876,49.61,0.0,47.5318,1.2987,29.5452,Medium,408,9
U-495638b8,Unknown Hotspot U-0197,Wilson Garden,12.9382689,77.5926256,38.72,0.0,68.6606,2.1251,29.5389,Medium,409,10
U-90976faf,Unknown Hotspot U-0228,Shivajinagar,12.9901272,77.6037974,36.05,0.0,13.5874,82.5974,29.5271,Medium,410,10
U-da08fe97,Unknown Hotspot U-0155,Yelahanka,13.0996493,77.588657,42.76,0.0,57.4047,5.994,29.484,Medium,411,6
U-610e4d83,Unknown Hotspot U-0376,Yelahanka,13.1199416,77.6100166,52.14,0.0,38.5914,5.994,29.4734,Medium,412,7
U-9da078be,Unknown Hotspot U-0140,J.P. Nagar,12.8818099,77.5958677,43.12,0.0,60.9584,0.0,29.4397,Medium,413,6
U-f1352255,Unknown Hotspot U-0113,Mahadevapura,13.0046674,77.7571085,39.37,0.0,65.316,3.4632,29.3307,Medium,414,11
N-ee953b3a,"BTP114 - KR Road Junction, Near JSS",Banashankari,12.9242347,77.5748945,56.73,0.0,32.2881,1.1988,29.3295,Medium,415,5
U-2b23b26a,Unknown Hotspot U-0028,HSR Layout,12.9164189,77.6381905,40.34,0.0,62.4216,4.329,29.2697,Medium,416,7
N-313d48e9,BTP054 - Shivananda Circle,Sheshadripuram,12.9884258,77.5771857,41.04,0.0,55.9254,10.3896,29.1595,Medium,417,6
N-5ecf966f,BTP076 - Hudson Circle,Cubbon Park,12.9680865,77.5887662,44.11,0.0,49.8312,10.1299,29.1297,Medium,418,11
U-684cbce9,Unknown Hotspot U-0298,Malleshwaram,13.0118992,77.5690461,41.89,0.0,29.9083,42.5974,29.1273,Medium,419,14
N-40e5578e,BTP067 - Jai Muni Rao Circle,Vijayanagara,12.978439,77.5424976,40.76,0.0,49.5096,19.295,29.1002,Medium,420,18
U-9d95da97,Unknown Hotspot U-0188,Jeevanbheemanagar,12.9588544,77.6598287,57.96,0.0,26.0653,4.4527,29.065,Medium,421,9
U-813aa291,Unknown Hotspot U-0344,Banashankari,12.9192499,77.5421289,59.05,0.0,26.0814,1.1988,29.0161,Medium,422,6
N-77d8627d,"BTP191 - 40th Cross, 4th Main, Jayanagar",Jayanagara,12.9201062,77.5822013,46.79,0.0,50.2492,1.3552,28.9691,Medium,423,14
U-47c66732,Unknown Hotspot U-0106,Bellandur,12.9101093,77.6862797,44.34,0.0,54.0762,2.7502,28.9638,Medium,424,11
U-d4130175,Unknown Hotspot U-0356,Banaswadi,12.9926487,77.6517375,60.41,0.0,17.8003,7.7922,28.8929,Medium,425,6
U-8b787a99,Unknown Hotspot U-0232,Chikkabanavara,13.0502388,77.5077454,49.85,0.0,44.6696,0.0,28.8739,Medium,426,3
U-86ae0ba5,Unknown Hotspot U-0185,Jalahalli,13.0489388,77.5476641,58.05,0.0,28.22,0.0,28.864,Medium,427,8
U-191d523b,Unknown Hotspot U-0063,Jalahalli,13.0459332,77.5222751,43.71,0.0,56.5364,0.0,28.7913,Medium,428,9
U-5febb294,Unknown Hotspot U-0367,K.R. Pura,13.0131563,77.6992312,55.35,0.0,31.9826,1.2987,28.7313,Medium,429,10
U-bf482503,Unknown Hotspot U-0294,Mahadevapura,12.9936064,77.7172537,48.44,0.0,43.9942,3.4632,28.6943,Medium,430,12
U-762e783a,Unknown Hotspot U-0236,HSR Layout,12.9229498,77.6514997,40.99,0.0,58.0318,4.329,28.6517,Medium,431,8
U-0e0b3934,Unknown Hotspot U-0348,Mico Layout,12.924071,77.6095016,52.83,0.0,36.0026,2.0779,28.6442,Medium,432,10
N-51107403,BTP126 - Dairy Circle,Wilson Garden,12.9373618,77.5999048,51.83,0.0,37.7392,2.1251,28.5986,Medium,433,11
U-3570bf54,Unknown Hotspot U-0237,K.G. Halli,13.0419605,77.6136467,52.15,0.0,38.6236,0.0,28.5847,Medium,434,3
N-97f5d91a,BTP010 - Rajajinagar Entrance,Sheshadripuram,12.9827114,77.5630967,47.23,0.0,40.521,10.3896,28.5546,Medium,435,7
U-a670f33d,Unknown Hotspot U-0349,R.T. Nagar,13.0013873,77.5953911,48.02,0.0,45.6665,1.4168,28.5538,Medium,436,6
U-9176fd91,Unknown Hotspot U-0355,Banaswadi,12.9911278,77.6570178,57.85,0.0,21.0484,7.7922,28.5185,Medium,437,7
U-7b11c593,Unknown Hotspot U-0112,Basavanagudi,12.9379397,77.557325,58.47,0.0,23.5568,2.0779,28.4111,Medium,438,6
U-35902f49,Unknown Hotspot U-0209,HAL Old Airport,12.9697503,77.7004333,47.65,0.0,37.8839,11.6883,28.39,Medium,439,11
U-a244485b,Unknown Hotspot U-0370,HAL Old Airport,12.9400433,77.6927055,63.69,0.0,5.7726,11.6883,28.3838,Medium,440,12
U-b952d59d,Unknown Hotspot U-0226,City Market,12.9686987,77.5791415,40.24,0.0,41.9521,25.6684,28.3367,Medium,441,13
U-d8816a39,Unknown Hotspot U-0260,Mahadevapura,12.9752757,77.6974681,55.98,0.0,26.9175,3.4632,28.295,Medium,442,13
N-e9936cf6,BTP132 - Anepalya Junction,Adugodi,12.94933,77.6058906,55.51,0.0,29.5224,0.8202,28.2315,Medium,443,13
N-71f141c1,BTP120 - Lalbagh Main Gate Junction,Wilson Garden,12.9539289,77.5848226,46.29,0.0,46.7117,2.1251,28.1771,Medium,444,12
U-70ee66e9,Unknown Hotspot U-0126,Pulikeshinagar(F.Town),12.9913406,77.6050233,45.75,0.0,49.3166,0.0,28.1633,Medium,445,8
U-138dc542,Unknown Hotspot U-0265,Jnanabharathi,12.9741452,77.5091287,42.98,0.0,52.5165,3.1169,28.1628,Medium,446,3
U-9a231643,Unknown Hotspot U-0212,J.P. Nagar,12.9003339,77.5858614,44.01,0.0,52.7094,0.0,28.1459,Medium,447,7
U-ed6db07e,Unknown Hotspot U-0263,Banaswadi,13.0240269,77.6434132,56.53,0.0,21.5951,7.7922,28.0999,Medium,448,8
N-e2fbdfec,BTP103 - Shanti Nagar TTMC,Wilson Garden,12.9538742,77.5916228,40.63,0.0,57.0992,2.1251,27.9906,Medium,449,13
U-5bd05ea4,Unknown Hotspot U-0195,Rajajinagar,13.0159939,77.5439928,44.14,0.0,34.2177,23.1079,27.9657,Medium,450,26
U-47f8f772,Unknown Hotspot U-0095,Chikkabanavara,13.0549579,77.5076087,38.87,0.0,61.891,0.0,27.9262,Medium,451,4
N-5b889585,BTP064 - Devanga Hostel Junction,Halasuru Gate,12.9627328,77.5899046,44.35,0.0,47.6604,4.329,27.9214,Medium,452,11
U-8ee5ec00,Unknown Hotspot U-0261,HSR Layout,12.9059345,77.6385853,44.84,0.0,46.4544,4.329,27.8762,Medium,453,9
U-ab6f011b,Unknown Hotspot U-0194,Mahadevapura,13.0001795,77.6850793,56.8,0.0,23.1388,3.4632,27.8672,Medium,454,14
N-31306773,BTP079 - Town Hall Junction,Halasuru Gate,12.9647424,77.5847898,39.94,0.0,56.1344,4.329,27.8522,Medium,455,12
U-f5ef0a10,Unknown Hotspot U-0179,K.S. Layout,12.9059165,77.542389,42.97,0.0,52.3074,1.2987,27.8443,Medium,456,5
N-8a451507,"BTP102 - BMTC Junction, KH Road",Wilson Garden,12.9553143,77.5928938,39.37,0.0,58.5946,2.1251,27.7857,Medium,457,14
U-e78b7b20,Unknown Hotspot U-0392,Madiwala,12.9169888,77.6291196,57.9,0.0,19.9711,3.4632,27.6737,Medium,458,6
U-45248e8a,Unknown Hotspot U-0311,Hulimavu,12.876014,77.6166499,37.16,0.0,46.8242,22.5108,27.6055,Medium,459,7
U-9b7240da,Unknown Hotspot U-0154,J.P. Nagar,12.8947535,77.5991068,37.79,0.0,62.3573,0.0,27.5875,Medium,460,8
N-d667b098,BTP068 - Veeresh Theatre Junction,Magadi Road,12.9785411,77.5465308,43.51,0.0,47.8373,3.8961,27.5559,Medium,461,15
N-bf7dbdb5,"BTP168 - MSR Building, JC Road",City Market,12.9599831,77.5835545,50.32,0.0,17.6556,25.6684,27.5094,Medium,462,14
N-faa9e091,BTP037 - KR Circle,Halasuru Gate,12.9761176,77.5847617,49.54,0.0,35.1343,4.329,27.4922,Medium,463,13
N-ecd956fc,"BTP206 - Shankara Mutt Circle, Vijayanagar",Rajajinagar,13.0003782,77.5421243,48.84,0.0,22.383,23.1079,27.4788,Medium,464,27
U-a2b1c776,Unknown Hotspot U-0164,Yeshwanthpura,13.0284059,77.5618733,52.16,0.0,32.658,0.0,27.3956,Medium,465,7
U-175d2faa,Unknown Hotspot U-0234,Yelahanka,13.0817164,77.5482309,43.71,0.0,45.0233,5.994,27.3878,Medium,466,8
U-eaaae494,Unknown Hotspot U-0157,Banaswadi,12.9800059,77.652252,43.59,0.0,43.753,7.7922,27.3554,Medium,467,9
U-31ad42b6,Unknown Hotspot U-0009,HSR Layout,12.9172271,77.6517215,33.94,0.0,65.4607,4.329,27.3175,Medium,468,10
U-bacfe6db,Unknown Hotspot U-0316,Banashankari,12.9423074,77.5483928,55.82,0.0,23.9106,1.1988,27.2899,Medium,469,7
U-f1b42198,Unknown Hotspot U-0373,Banaswadi,13.0035423,77.6627741,48.94,0.0,32.5776,7.7922,27.2603,Medium,470,10
U-cc89ec34,Unknown Hotspot U-0352,K.G. Halli,13.0315652,77.6232275,59.06,0.0,18.1701,0.0,27.258,Medium,471,4
N-d781bb58,BTP057 - Anand Rao Junction,Chamarajpet,12.9794994,77.5707143,47.83,0.0,34.4268,7.7922,27.1862,Medium,472,11
U-69dacb30,Unknown Hotspot U-0340,Hulimavu,12.884162,77.5980747,48.46,0.0,22.0614,22.5108,27.1729,Medium,473,8
U-75b5cdf3,Unknown Hotspot U-0325,Kodigehalli,13.0290264,77.5809543,47.49,0.0,22.3348,24.6753,27.1643,Medium,474,11
N-223ac5a2,BTP184 - Lalbagh West Gate,City Market,12.9492344,77.58087,48.28,0.0,19.9067,25.6684,27.1436,Medium,475,15
N-5f0c2ed2,BTP222 - Delmia Circle,J.P. Nagar,12.9059328,77.5926362,45.96,0.0,43.7209,0.0,27.1282,Medium,476,9
U-3ccf1f27,Unknown Hotspot U-0303,Pulikeshinagar(F.Town),12.9891708,77.6089612,46.11,0.0,43.3671,0.0,27.1174,Medium,477,9
U-e2025135,Unknown Hotspot U-0345,Pulikeshinagar(F.Town),13.007129,77.6215888,50.83,0.0,33.8479,0.0,27.1016,Medium,478,10
N-31191494,BTP216 - Yediyur Junction,Basavanagudi,12.9380603,77.5768801,40.06,0.0,53.5456,2.0779,27.0448,Medium,479,7
U-e51a9674,Unknown Hotspot U-0286,Hulimavu,12.8919369,77.6319766,54.62,0.0,8.1042,22.5108,26.8455,Medium,480,9
U-7cff88a6,Unknown Hotspot U-0124,Jayanagara,12.9315211,77.5925501,51.6,0.0,29.7315,1.3552,26.7896,Medium,481,15
N-8b34fafe,"BTP115 - Sahasra Hospital, Jayanagar",Banashankari,12.9172836,77.5734325,40.1,0.0,52.4682,1.1988,26.7135,Medium,482,8
N-6feb0773,BTP104 - Medical College Circle,V.V.Puram (C.Pet),12.9595865,77.5741658,45.63,0.0,36.4689,6.8182,26.5685,Medium,483,7
N-ad42d0e2,BTP220 - Puttanna Junction,Jayanagara,12.9288446,77.5828285,33.05,0.0,65.0909,1.3552,26.4414,Medium,484,16
N-79142732,"BTP101 - Blood Bank Circle, KH Road",Halasuru Gate,12.9616895,77.593534,48.94,0.0,30.6802,4.329,26.3614,Medium,485,14
N-b04a2733,BTP208 - Havanur Circle,Magadi Road,12.9872026,77.5376829,43.56,0.0,41.6787,3.8961,26.3442,Medium,486,16
U-6c7cc8d9,Unknown Hotspot U-0336,Jnanabharathi,12.9797965,77.5106269,53.97,0.0,21.37,3.1169,26.3295,Medium,487,4
U-ae1531d4,Unknown Hotspot U-0386,Peenya,13.0356558,77.5140492,54.77,0.0,21.9006,0.0,26.2881,Medium,488,6
U-efbebc93,Unknown Hotspot U-0354,Hennuru,13.0681218,77.6294226,50.07,0.0,31.2912,0.0,26.2862,Medium,489,7
N-c765e609,BTP035 - Basaweshwara Circle (LH) Junction,High ground,12.9847885,77.5881164,37.81,0.0,30.4068,33.3952,26.2146,Medium,490,11
U-846035fd,Unknown Hotspot U-0219,Devanahalli Airport,13.2449366,77.7130117,40.76,0.0,49.3488,0.0,26.1738,Medium,491,1
N-fadbdee6,"BTP024 - NPS, Vijayanagar",Vijayanagara,12.9852673,77.5480257,41.63,0.0,32.8027,19.295,26.1068,Medium,492,19
U-8fe5d0d3,Unknown Hotspot U-0295,Jeevanbheemanagar,12.9839369,77.6406413,50.81,0.0,25.4703,4.4527,26.086,Medium,493,10
U-7940bd79,Unknown Hotspot U-0224,Yelahanka,13.1168201,77.5779627,48.54,0.0,28.7988,5.994,26.0749,Medium,494,9
U-9db13c9e,Unknown Hotspot U-0320,Jeevanbheemanagar,12.9781268,77.6365238,48.9,0.0,29.2008,4.4527,26.0681,Medium,495,11
U-e80bd445,Unknown Hotspot U-0042,Jalahalli,13.0489809,77.543353,48.0,0.0,34.2338,0.0,26.0468,Medium,496,10
U-69a07e4c,Unknown Hotspot U-0375,Banaswadi,12.9949681,77.6540693,52.25,0.0,19.2314,7.7922,25.9151,Medium,497,11
N-f6987419,BTP217 - Baleyele Junction,V.V.Puram (C.Pet),12.9573813,77.5694478,42.18,0.0,39.7652,6.8182,25.8478,Medium,498,8
U-c721a8b3,Unknown Hotspot U-0394,Pulikeshinagar(F.Town),12.9992086,77.6195757,53.24,0.0,22.2544,0.0,25.7469,Medium,499,11
U-01cad163,Unknown Hotspot U-0152,Ashok Nagar,12.9673164,77.6084668,46.12,0.0,33.0439,4.4527,25.7247,Medium,500,9
N-67e82c92,"BTP113 - 27th Cross, Pai Vista, KR Road",Banashankari,12.9175475,77.5731119,39.46,0.0,48.7056,1.1988,25.7049,Medium,501,9
U-d3bc5650,Unknown Hotspot U-0207,Whitefield,12.9793106,77.7513361,48.19,0.0,31.4038,0.974,25.7029,Medium,502,13
U-aa7645bc,Unknown Hotspot U-0229,Pulikeshinagar(F.Town),12.9924885,77.611933,44.48,0.0,39.524,0.0,25.6968,Medium,503,12
U-aaf26e82,Unknown Hotspot U-0210,Thalagattapura,12.8717727,77.5390003,50.09,0.0,28.2682,0.0,25.6896,Medium,504,2
N-49f115d3,BTP166 - Coffee Board Junction,Cubbon Park,12.9849208,77.5943367,35.69,0.0,49.0915,10.1299,25.6138,Medium,505,12
U-3ab5658d,Unknown Hotspot U-0364,Pulikeshinagar(F.Town),12.9868135,77.6084899,57.32,0.0,13.3623,0.0,25.6005,Medium,506,13
U-f3a087f2,Unknown Hotspot U-0289,Whitefield,12.9661054,77.7491684,48.22,0.0,30.8088,0.974,25.5959,Medium,507,14
U-8636cb5c,Unknown Hotspot U-0074,Kamakshipalya,12.9838162,77.5290107,39.03,0.0,48.6091,1.4168,25.5463,Medium,508,5
U-9b52fbfc,Unknown Hotspot U-0270,Yelahanka,13.1215969,77.621892,50.85,0.0,21.5308,5.994,25.5453,Medium,509,10
N-f1522165,BTP130 - GD Mara Junction,J.P. Nagar,12.9075832,77.6001693,44.28,0.0,39.106,0.0,25.5332,Medium,510,10
U-dc42b8b6,Unknown Hotspot U-0174,K.G. Halli,13.0079407,77.6129229,44.25,0.0,39.0577,0.0,25.5115,Medium,511,5
N-dfce61cf,BTP193 - Vasavi Circle,V.V.Puram (C.Pet),12.9499186,77.5768182,40.38,0.0,41.5983,6.8182,25.4944,Medium,512,9
U-d23d369d,Unknown Hotspot U-0362,Whitefield,12.9612264,77.7476995,51.57,0.0,23.4764,0.974,25.4694,Medium,513,15
U-5cbe856c,Unknown Hotspot U-0097,Bellandur,12.8952046,77.67584,43.75,0.0,37.7713,2.7502,25.4668,Medium,514,12
N-b0afb329,BTP134 - Mico Bande,Adugodi,12.945152,77.602685,45.77,0.0,35.1664,0.8202,25.4643,Medium,515,14
N-0da7c5ce,BTP017 - Attiguppe Circle,Vijayanagara,12.9605165,77.5343879,45.64,0.0,21.3378,19.295,25.4178,Medium,516,20
N-9790a22e,"BTP093 - Toll Gate, Mysore Road",Byatarayanapura,12.9569524,77.5505674,54.51,0.0,15.324,3.5964,25.4083,Medium,517,13
U-31559d69,Unknown Hotspot U-0027,HSR Layout,12.9196175,77.6450858,39.71,0.0,44.2836,4.329,25.3901,Medium,518,11
U-f4ee3b78,Unknown Hotspot U-0227,Banaswadi,13.0019882,77.63267,44.94,0.0,31.1786,7.7922,25.3806,Medium,519,12
U-e1e62e8a,Unknown Hotspot U-0358,Halasur,12.9719208,77.6297888,61.76,0.0,1.2703,2.5974,25.3477,Medium,520,7
U-9c8feae0,Unknown Hotspot U-0217,Bellandur,12.9015144,77.6604632,41.24,0.0,42.1611,2.7502,25.3408,Medium,521,13
U-a25e2e06,Unknown Hotspot U-0132,Kamakshipalya,12.9854451,77.4798544,45.95,0.0,33.5745,1.4168,25.3074,Medium,522,6
N-42f44344,BTP051 - Safina Plaza Junction,Ashok Nagar,12.9749057,77.607987,44.66,0.0,33.7836,4.4527,25.2886,Medium,523,10
U-bbb5b85f,Unknown Hotspot U-0304,K.R. Pura,13.004493,77.7101254,50.16,0.0,25.1005,1.2987,25.2789,Medium,524,11
U-1f178f31,Unknown Hotspot U-0389,Electronic City,12.8543227,77.662113,48.98,0.0,14.3753,18.7013,25.2723,Medium,525,10
U-3e130199,Unknown Hotspot U-0060,Kengeri,12.9114002,77.4803454,44.8,0.0,36.5654,0.0,25.2331,Medium,526,2
U-446f48e8,Unknown Hotspot U-0231,Whitefield,12.9688759,77.7498447,39.6,0.0,46.1811,0.974,25.2223,Medium,527,16
U-14a3f89a,Unknown Hotspot U-0378,Wilson Garden,12.9513288,77.5985492,57.61,0.0,9.2619,2.1251,25.2152,Medium,528,15
U-7e3a447a,Unknown Hotspot U-0335,HSR Layout,12.9073073,77.6351875,44.5,0.0,33.06,4.329,25.0613,Medium,529,12
N-ee3d2ef1,BTP185 - RV Teachers College,Wilson Garden,12.944189,77.5824647,51.67,0.0,20.1479,2.1251,25.0164,Medium,530,16
U-416d2f58,Unknown Hotspot U-0282,Bellandur,12.9154547,77.6986737,52.78,0.0,17.1732,2.7502,24.9592,Medium,531,14
U-f169a5d8,Unknown Hotspot U-0374,Yeshwanthpura,13.022469,77.5630497,55.85,0.0,12.9603,0.0,24.9321,Medium,532,8
N-3b230695,"BTP159 - JP Nagar Metro, ORR",J.P. Nagar,12.905873,77.5735905,44.84,0.0,34.9735,0.0,24.9307,Medium,533,11
U-1ee2a871,Unknown Hotspot U-0129,Thalagattapura,12.8757698,77.5438297,37.83,0.0,48.5769,0.0,24.8474,Medium,534,3
U-ec947815,Unknown Hotspot U-0398,Pulikeshinagar(F.Town),13.0001501,77.6185805,51.2,0.0,21.7398,0.0,24.828,Medium,535,14
N-d1d43be0,BTP038 - Mysore Bank Junction,City Market,12.9706635,77.5797355,35.71,0.0,32.8831,25.6684,24.7109,Medium,536,16
N-516c606d,"BTP159 - JP Nagar Metro, ORR",K.S. Layout,12.9073474,77.5716624,45.68,0.0,31.0822,1.2987,24.6832,Medium,537,6
U-eaf5be91,Unknown Hotspot U-0360,Chikkabanavara,13.0598991,77.5068287,51.86,0.0,19.6012,0.0,24.6642,Medium,538,5
U-5e403a1c,Unknown Hotspot U-0200,Cubbon Park,12.9731678,77.6000946,36.91,0.0,41.7752,10.1299,24.6385,Medium,539,13
N-fdffb304,"BTP190 - 36th Cross, 4th Main, Jayanagar",Jayanagara,12.9225852,77.5812768,37.51,0.0,47.1137,1.3552,24.63,Medium,540,17
N-22450ed7,BTP030 - Mekhri Circle,R.T. Nagar,13.0184088,77.5848904,47.5,0.0,26.9818,1.4168,24.6089,Medium,541,7
U-1728b2db,Unknown Hotspot U-0390,Yeshwanthpura,13.0177717,77.5482334,53.19,0.0,16.337,0.0,24.5434,Medium,542,9
N-42b67214,"BTP177 - Aurobindo Circle, ORR",Jayanagara,12.9185304,77.5845477,38.23,0.0,44.9912,1.3552,24.4935,Medium,543,18
U-97d3f423,Unknown Hotspot U-0204,Mahadevapura,12.9921852,77.7158057,48.64,0.0,21.9489,3.4632,24.3653,Medium,544,15
U-723dc32e,Unknown Hotspot U-0142,Kengeri,12.9144017,77.481294,39.32,0.0,43.1741,0.0,24.3628,Medium,545,3
U-54989fae,Unknown Hotspot U-0366,Kamakshipalya,13.0141341,77.49208,44.67,0.0,30.6963,1.4168,24.2198,Medium,546,7
N-b1784e63,"BTP200 - 15th Cross, 33rd Main, JP Nagar",J.P. Nagar,12.9063283,77.5813878,45.58,0.0,29.8119,0.0,24.1944,Medium,547,12
N-2fc1345c,"BTP179 - 9th Block, 28th Main, Jayanagar",J.P. Nagar,12.9163674,77.5949721,50.78,0.0,18.54,0.0,24.02,Medium,548,13
N-dda97889,BTP180 - Swagath Poornima Theatre,Wilson Garden,12.9587538,77.5868541,38.28,0.0,41.6144,2.1251,23.9537,Medium,549,17
U-8a461593,Unknown Hotspot U-0276,Thalagattapura,12.8741873,77.5408085,42.2,0.0,35.1825,0.0,23.9165,Medium,550,4
N-a97b3aaf,"BTP025 - Puttamma Choultry, Nagarbhavi",Magadi Road,12.9800704,77.5383456,47.27,0.0,22.1097,3.8961,23.9143,Medium,551,17
N-073939d0,BTP214 - 5th Main Chamrajpet Junction,V.V.Puram (C.Pet),12.9557948,77.5674536,49.1,0.0,15.9994,6.8182,23.8626,Medium,552,10
U-384267ec,Unknown Hotspot U-0351,Thalagattapura,12.8693697,77.5368552,47.39,0.0,24.0714,0.0,23.7703,Medium,553,5
U-d816a377,Unknown Hotspot U-0101,Kamakshipalya,12.9994666,77.4887382,43.71,0.0,30.2782,1.4168,23.7522,Medium,554,8
U-0f614069,Unknown Hotspot U-0271,Yelahanka,13.12122,77.6175568,44.76,0.0,24.5055,5.994,23.7042,Medium,555,11
U-784baa70,Unknown Hotspot U-0307,Thalagattapura,12.8610416,77.5295005,47.92,0.0,22.5117,0.0,23.6703,Medium,556,6
U-8e5d9110,Unknown Hotspot U-0326,Sadashivanagar,12.9993112,77.583791,46.06,0.0,23.9428,2.5974,23.6022,Medium,557,5
U-19f16ef2,Unknown Hotspot U-0388,R.T. Nagar,12.9996177,77.5967949,43.99,0.0,28.6863,1.4168,23.5458,Medium,558,8
U-f1d5c12d,Unknown Hotspot U-0361,Bellandur,12.9079908,77.6759634,53.12,0.0,9.3584,2.7502,23.5322,Medium,559,15
U-68cf1441,Unknown Hotspot U-0309,Adugodi,12.9315638,77.6231225,46.05,0.0,24.9075,0.8202,23.5245,Medium,560,15
U-4617b284,Unknown Hotspot U-0293,Yeshwanthpura,13.0211026,77.5284622,41.14,0.0,35.3111,0.0,23.5182,Medium,561,10
U-8496eaa2,Unknown Hotspot U-0254,High ground,12.9935393,77.5955619,29.14,0.0,33.9765,33.3952,23.4606,Low,562,12
N-376c63b3,BTP118 - Basappa Circle,V.V.Puram (C.Pet),12.9562014,77.577347,44.4,0.0,23.2031,6.8182,23.4233,Low,563,11
U-643c1729,Unknown Hotspot U-0357,Halasur,12.9721946,77.6313408,53.89,0.0,7.268,2.5974,23.3992,Low,564,8
N-25d7a804,BTP061 - Bhashyam Circle,Magadi Road,12.9842975,77.5546616,37.7,0.0,38.511,3.8961,23.3666,Low,565,18
N-6d9566a3,BTP185 - RV Teachers College,Basavanagudi,12.9447842,77.5798748,44.07,0.0,26.6763,2.0779,23.275,Low,566,8
N-6f518667,BTP144 - Commando Hospital Junction,Halasur,12.9692036,77.6263439,47.92,0.0,18.3952,2.5974,23.2367,Low,567,9
N-2007404e,BTP156 - Kamakya Junction,Banashankari,12.9237198,77.5536057,45.48,0.0,24.1357,1.1988,23.199,Low,568,10
U-678a42ba,Unknown Hotspot U-0372,Mahadevapura,12.9908942,77.6877229,52.61,0.0,8.1203,3.4632,23.1875,Low,569,16
N-c9fa6f77,BTP020 - Hosahalli Metro Station,Magadi Road,12.9710538,77.5465548,38.89,0.0,34.7484,3.8961,23.0901,Low,570,19
U-b62b8f75,Unknown Hotspot U-0076,Mahadevapura,12.9891477,77.7119371,47.72,0.0,17.3018,3.4632,23.0678,Low,571,17
U-667b93b2,Unknown Hotspot U-0193,J.P. Nagar,12.9014316,77.5937774,39.03,0.0,37.0156,0.0,23.0151,Low,572,14
N-f23d16a9,BTP138 - Sarjapur Road Check Post,Adugodi,12.9289424,77.6176572,45.62,0.0,23.1388,0.8202,22.9988,Low,573,16
N-2e781520,BTP052 - CID Carlton House Junction,High ground,12.9811077,77.5848039,32.87,0.0,24.1036,33.3952,22.978,Low,574,13
N-6a2c27e9,BTP100 - Richmond Circle,Halasuru Gate,12.9655632,77.5955875,49.91,0.0,11.4649,4.329,22.9063,Low,575,15
U-e49940be,Unknown Hotspot U-0119,HSR Layout,12.9149163,77.6323226,41.41,0.0,28.429,4.329,22.8992,Low,576,13
U-3d2421e0,Unknown Hotspot U-0238,Sadashivanagar,13.03534,77.567507,40.75,0.0,30.7606,2.5974,22.8417,Low,577,6
N-6693bd7d,BTP077 - Halasuru Gate Junction,Halasuru Gate,12.9668068,77.5870361,40.06,0.0,30.5837,4.329,22.7901,Low,578,16
U-3edb1d79,Unknown Hotspot U-0239,Sheshadripuram,12.9852282,77.572417,40.53,0.0,25.0523,10.3896,22.7809,Low,579,8
N-6a740489,"BTP164 - 29th Main Road, BTM Layout",Mico Layout,12.9151764,77.6158281,46.21,0.0,19.9067,2.0779,22.777,Low,580,11
U-fd4c2430,Unknown Hotspot U-0160,HSR Layout,12.9215614,77.6451126,39.47,0.0,31.6771,4.329,22.7728,Low,581,14
U-28bd5e2d,Unknown Hotspot U-0033,Madiwala,12.9032496,77.6260082,33.32,0.0,44.1389,3.4632,22.6753,Low,582,7
U-0cebaab4,Unknown Hotspot U-0371,Thalagattapura,12.862511,77.5303238,41.65,0.0,30.0209,0.0,22.6642,Low,583,7
N-7231211d,BTP184 - Lalbagh West Gate,Basavanagudi,12.9479605,77.5798414,36.49,0.0,38.7683,2.0779,22.6613,Low,584,9
U-502aaa2a,Unknown Hotspot U-0189,K.S. Layout,12.907732,77.5329001,32.11,0.0,47.789,1.2987,22.5966,Low,585,7
U-d4aeb1aa,Unknown Hotspot U-0052,Kengeri,12.9170501,77.5001856,43.41,0.0,26.001,0.0,22.5642,Low,586,4
U-7f3bba85,Unknown Hotspot U-0317,Halasur,12.9753576,77.61797,44.24,0.0,22.3669,2.5974,22.559,Low,587,10
N-11b6a264,"BTP161 - 15th Cross, 35th Main, JP Nagar",J.P. Nagar,12.906264,77.5776522,45.58,0.0,21.5469,0.0,22.5414,Low,588,15
N-9f3a9702,BTP107 - National College Junction,V.V.Puram (C.Pet),12.9490965,77.5728812,38.92,0.0,29.5385,6.8182,22.4984,Low,589,12
U-bf488669,Unknown Hotspot U-0310,No Police Station,13.0574104,77.4727042,49.14,0.0,13.2819,0.0,22.3124,Low,590,3
N-0419f7d7,BTP128 - Gorappanapalya Junction,Mico Layout,12.92028,77.6005895,40.08,0.0,29.7315,2.0779,22.29,Low,591,12
U-ab590378,Unknown Hotspot U-0267,Wilson Garden,12.9415757,77.5851476,39.26,0.0,31.0982,2.1251,22.2424,Low,592,18
N-ba85aea1,"BTP026 - 1st Block Junction, Rajajinagar",Rajajinagar,13.0016552,77.5492515,31.98,0.0,29.7315,23.1079,22.2045,Low,593,28
U-79059227,Unknown Hotspot U-0278,Sheshadripuram,12.987322,77.5678935,43.11,0.0,16.9159,10.3896,22.1856,Low,594,9
U-831ea0cd,Unknown Hotspot U-0382,Pulikeshinagar(F.Town),12.9913028,77.6071847,48.78,0.0,12.8799,0.0,22.088,Low,595,15
U-fc0f78c6,Unknown Hotspot U-0347,K.R. Pura,13.0173601,77.704616,47.25,0.0,14.0859,1.2987,21.912,Low,596,12
N-42217741,"BTP011 - RR Kalyana Mantapa, Dr. Rajkumar Road",Malleshwaram,12.9982901,77.5577461,29.99,0.0,16.8033,42.5974,21.7463,Low,597,15
U-0f53f346,Unknown Hotspot U-0222,HSR Layout,12.9243945,77.6499946,42.12,0.0,20.9519,4.329,21.6877,Low,598,15
U-66250532,Unknown Hotspot U-0339,Hennuru,13.064054,77.6511525,46.81,0.0,14.7451,0.0,21.673,Low,599,8
N-a426bd6a,BTP043 - Upparpet Junction,Chamarajpet,12.9714259,77.5733637,38.08,0.0,25.3578,7.7922,21.4724,Low,600,12
U-261e1aaa,Unknown Hotspot U-0322,Wilson Garden,12.9436335,77.5856894,45.14,0.0,15.0989,2.1251,21.3946,Low,601,19
U-635e2142,Unknown Hotspot U-0331,Kamakshipalya,12.9885998,77.4727483,43.65,0.0,18.3952,1.4168,21.3516,Low,602,9
N-1aaadd0f,BTP119 - Minerva Circle,V.V.Puram (C.Pet),12.9543174,77.5795833,37.82,0.0,25.9849,6.8182,21.3477,Low,603,13
N-19a7f070,BTP034 - LRDE Junction,Cubbon Park,12.988158,77.59195,34.51,0.0,30.1174,10.1299,21.347,Low,604,14
U-59c97c1f,Unknown Hotspot U-0235,Kamakshipalya,12.9855385,77.5268049,41.44,0.0,22.4313,1.4168,21.2748,Low,605,10
U-04de32e8,Unknown Hotspot U-0151,Jalahalli,13.0374363,77.5353801,43.42,0.0,19.3922,0.0,21.2464,Low,606,11
N-38093995,"BTP202 - East End Main Road, Jayanagar",Mico Layout,12.9151981,77.6002216,44.43,0.0,15.726,2.0779,21.2289,Low,607,13
U-9bd6f085,Unknown Hotspot U-0330,Yelahanka,13.0982793,77.5845631,39.34,0.0,22.7368,5.994,21.1825,Low,608,12
U-964cb96f,Unknown Hotspot U-0167,Bellandur,12.9044297,77.7022464,43.47,0.0,16.2084,2.7502,21.0422,Low,609,16
U-e5aa9ce4,Unknown Hotspot U-0397,Peenya,12.9985954,77.5241514,49.44,0.0,6.0942,0.0,20.9948,Low,610,7
U-2496b1e7,Unknown Hotspot U-0030,Mahadevapura,13.0090398,77.7588526,36.17,0.0,29.7797,3.4632,20.9434,Low,611,18
N-5c1bf5f3,BTP187 - South End Circle,Wilson Garden,12.9376297,77.5837723,40.03,0.0,22.8976,2.1251,20.9103,Low,612,20
U-87be67b4,Unknown Hotspot U-0381,HSR Layout,12.906654,77.6366847,42.37,0.0,16.53,4.329,20.9033,Low,613,16
U-937fdbd5,Unknown Hotspot U-0186,Kodigehalli,13.0384425,77.5662265,33.05,0.0,19.6495,24.6753,20.8512,Low,614,12
U-4b56deb1,Unknown Hotspot U-0365,Kengeri,12.9097577,77.5133704,45.55,0.0,12.3975,0.0,20.6995,Low,615,5
N-d80c1de9,BTP157 - Kadirenahalli Cross,K.S. Layout,12.912765,77.5670724,41.29,0.0,19.8424,1.2987,20.6793,Low,616,8
U-bd352858,Unknown Hotspot U-0279,Yeshwanthpura,13.0320473,77.5638549,41.83,0.0,19.553,0.0,20.6426,Low,617,11
U-f3233bf5,Unknown Hotspot U-0368,Halasur,12.9713849,77.6150464,41.14,0.0,18.0093,2.5974,20.4475,Low,618,11
N-5a8fba0e,BTP057 - Anand Rao Junction,No Police Station,12.9790986,77.575091,45.49,0.0,11.1433,0.0,20.4247,Low,619,4
U-e0df76a1,Unknown Hotspot U-0070,K.S. Layout,12.8938489,77.5678172,30.28,0.0,40.4567,1.2987,20.3981,Low,620,9
U-739f9963,Unknown Hotspot U-0350,Thalagattapura,12.8920728,77.572127,44.49,0.0,12.1081,0.0,20.2176,Low,621,8
U-d681739d,Unknown Hotspot U-0058,HSR Layout,12.9120413,77.6516425,26.29,0.0,44.5409,4.329,20.0735,Low,622,17
U-618d626c,Unknown Hotspot U-0319,Jayanagara,12.9217527,77.5857593,39.32,0.0,20.357,1.3552,20.0027,Low,623,19
U-895c2b48,Unknown Hotspot U-0332,R.T. Nagar,13.0245985,77.5898402,45.28,0.0,7.9756,1.4168,19.9196,Low,624,9
U-376ca33b,Unknown Hotspot U-0292,Jeevanbheemanagar,12.9525356,77.6403727,35.96,0.0,24.2322,4.4527,19.8983,Low,625,12
U-0f617a3a,Unknown Hotspot U-0391,R.T. Nagar,12.997895,77.605091,44.14,0.0,8.7956,1.4168,19.6276,Low,626,10
N-2676b259,BTP211 - Central Street Junction,Cubbon Park,12.9784168,77.6016783,34.19,0.0,21.5308,10.1299,19.5016,Low,627,15
U-f8d5bbe9,Unknown Hotspot U-0281,Madiwala,12.9271671,77.6209591,29.74,0.0,35.4076,3.4632,19.497,Low,628,8
N-489f153c,"BTP024 - NPS, Vijayanagar",Rajajinagar,12.9855298,77.5494596,30.51,0.0,19.0706,23.1079,19.4843,Low,629,29
U-8d9983c9,Unknown Hotspot U-0315,Thalagattapura,12.8833034,77.5488861,36.54,0.0,24.2644,0.0,19.4689,Low,630,9
U-1656d4ad,Unknown Hotspot U-0175,Jnanabharathi,12.9395518,77.4930287,39.31,0.0,15.7421,3.1169,19.3399,Low,631,5
N-a59769e8,BTP141 - Palmgroove Junction,Halasur,12.9697224,77.6150208,36.36,0.0,21.4504,2.5974,19.2237,Low,632,12
U-3e70e490,Unknown Hotspot U-0341,J.P. Nagar,12.8843644,77.5963151,41.87,0.0,12.2367,0.0,19.1953,Low,633,16
N-05281916,BTP214 - 5th Main Chamrajpet Junction,Basavanagudi,12.9551554,77.5659109,37.74,0.0,18.8455,2.0779,19.1768,Low,634,10
U-8bbde975,Unknown Hotspot U-0318,No Police Station,13.060787,77.4612433,33.72,0.0,28.3647,0.0,19.1609,Low,635,5
N-a3ef4e0c,"BTP016 - 5th Main Road, RPC Layout",No Police Station,12.9649059,77.5388765,43.62,0.0,8.4901,0.0,19.146,Low,636,6
N-0d1c9284,BTP203 - RRMR Junction,Cubbon Park,12.9690353,77.594779,40.93,0.0,6.0781,10.1299,19.1071,Low,637,16
U-e8c25d6d,Unknown Hotspot U-0395,Ashok Nagar,12.9526718,77.6196027,41.68,0.0,8.5223,4.4527,19.0444,Low,638,11
N-41ec3396,"BTP022 - Marenahalli Junction, Vijayanagar",No Police Station,12.9689726,77.5370644,34.58,0.0,25.3578,0.0,18.9036,Low,639,7
N-57ddd43e,"BTP164 - 29th Main Road, BTM Layout",Madiwala,12.9184253,77.6140273,38.52,0.0,14.4396,3.4632,18.8154,Low,640,9
N-da15c684,"BTP198 - 9th Cross, 8th Main, JP Nagar",J.P. Nagar,12.9103396,77.5957216,38.17,0.0,17.6877,0.0,18.8055,Low,641,17
N-80db7fe2,BTP187 - South End Circle,Jayanagara,12.9362702,77.5808798,38.37,0.0,15.8546,1.3552,18.7222,Low,642,20
U-e5cdb986,Unknown Hotspot U-0387,K.S. Layout,12.8974244,77.5713272,36.81,0.0,18.6686,1.2987,18.6525,Low,643,10
U-98a15f0f,Unknown Hotspot U-0343,Adugodi,12.9348094,77.6233614,37.55,0.0,17.4626,0.8202,18.6356,Low,644,17
U-0bb3cc25,Unknown Hotspot U-0264,Yelahanka,13.0985246,77.5736217,35.96,0.0,16.7069,5.994,18.6245,Low,645,13
N-74a76082,BTP141 - Palmgroove Junction,Ashok Nagar,12.9664727,77.6115512,33.88,0.0,21.2092,4.4527,18.4617,Low,646,12
U-9be4fa62,Unknown Hotspot U-0363,Pulikeshinagar(F.Town),13.000594,77.6217801,46.11,0.0,0.0,0.0,18.444,Low,647,16
U-c6a2e643,Unknown Hotspot U-0328,Thalagattapura,12.8795786,77.5453776,27.79,0.0,36.4528,0.0,18.4066,Low,648,10
U-4f80ea4b,Unknown Hotspot U-0201,Hennuru,13.0205718,77.6567519,32.9,0.0,26.0974,0.0,18.3795,Low,649,9
N-13d827ed,"BTP115 - Sahasra Hospital, Jayanagar",K.S. Layout,12.9168191,77.5734408,31.62,0.0,27.5125,1.2987,18.3453,Low,650,11
U-b01f239f,Unknown Hotspot U-0353,K.G. Halli,13.0325641,77.6240414,44.22,0.0,3.216,0.0,18.3312,Low,651,6
N-be68d75b,BTP100 - Richmond Circle,Cubbon Park,12.9653126,77.5968975,34.29,0.0,14.3592,10.1299,18.1073,Low,652,17
N-0b64cf42,BTP146 - Domlur Water Tank,Jeevanbheemanagar,12.9596712,77.6417043,34.78,0.0,16.7069,4.4527,17.9213,Low,653,13
N-c71ae42d,BTP171 - Indian Express (Balekundri),High ground,12.9868077,77.5967667,25.26,0.0,13.3623,33.3952,17.7857,Low,654,14
U-bd31c536,Unknown Hotspot U-0169,Kengeri,12.9373493,77.4926418,30.91,0.0,27.0622,0.0,17.7764,Low,655,6
N-6a74cced,BTP215 - Vanivillas Junction,V.V.Puram (C.Pet),12.9502688,77.5697285,33.1,0.0,17.4305,6.8182,17.7488,Low,656,14
N-547b8b4e,"BTP025 - Puttamma Choultry, Nagarbhavi",Vijayanagara,12.9771706,77.5380386,28.1,0.0,17.9772,19.295,17.7297,Low,657,21
N-d40fa43d,"BTP127 - Sagar Hospital, Jayanagar",Mico Layout,12.9309902,77.6023945,34.21,0.0,17.4465,2.0779,17.485,Low,658,14
N-a0d7900b,BTP035 - Basaweshwara Circle (LH) Junction,Cubbon Park,12.9831861,77.5885282,33.45,0.0,11.6257,10.1299,17.2246,Low,659,18
U-ff64affd,Unknown Hotspot U-0268,R.T. Nagar,13.0108098,77.5951418,40.93,0.0,2.6049,1.4168,17.1055,Low,660,11
U-40b7e7e9,Unknown Hotspot U-0383,HSR Layout,12.9026632,77.6317194,37.13,0.0,7.9916,4.329,17.0997,Low,661,18
U-de581e07,Unknown Hotspot U-0283,No Police Station,13.0520301,77.4874476,32.86,0.0,19.2635,0.0,16.9967,Low,662,8
U-c0656e75,Unknown Hotspot U-0290,Basavanagudi,12.9417261,77.5634491,40.24,0.0,1.0452,2.0779,16.6167,Low,663,11
U-5bf9cb7f,Unknown Hotspot U-0306,Adugodi,12.9335825,77.6230291,29.07,0.0,23.9106,0.8202,16.5332,Low,664,18
U-ae364252,Unknown Hotspot U-0240,Yeshwanthpura,13.0331954,77.5340757,26.12,0.0,30.1335,0.0,16.4747,Low,665,12
N-cb9a931b,"BTP112 - 14th Cross, KR Road",Banashankari,12.9293465,77.5732088,33.44,0.0,10.7091,1.1988,15.6976,Low,666,11
U-3f80e8ed,Unknown Hotspot U-0277,Jeevanbheemanagar,12.9815237,77.6459206,33.07,0.0,8.2328,4.4527,15.5425,Low,667,14
N-7b9900c0,"BTP145 - Sri Hatti Maramma Circle, Domluru",Ashok Nagar,12.9614964,77.6336917,34.89,0.0,4.2129,4.4527,15.4665,Low,668,13
U-5a858f99,Unknown Hotspot U-0308,Yeshwanthpura,13.0305441,77.5602381,37.59,0.0,2.026,0.0,15.4412,Low,669,13
N-83fb3a34,"BTP176 - Rajalakshmi Kalyana Mantapa, JP Nagar",J.P. Nagar,12.9166578,77.57938,29.39,0.0,16.7069,0.0,15.0974,Low,670,18
N-df277851,BTP187 - South End Circle,Basavanagudi,12.9377019,77.5797287,26.6,0.0,20.0354,2.0779,14.9588,Low,671,12
U-8a59e12d,Unknown Hotspot U-0321,Kamakshipalya,12.9860516,77.4879481,33.61,0.0,6.3676,1.4168,14.93,Low,672,11
N-0facc58f,BTP171 - Indian Express (Balekundri),Cubbon Park,12.9860951,77.5950082,28.0,0.0,8.2007,10.1299,14.3596,Low,673,19
U-c0008176,Unknown Hotspot U-0153,Bellandur,12.9137771,77.6665526,24.56,0.0,19.4404,2.7502,14.1246,Low,674,17
N-ec332a74,BTP154 - Itmadu Junction,Banashankari,12.9297912,77.546565,26.18,0.0,13.9251,1.1988,13.4368,Low,675,12
N-fb2a7517,BTP180 - Swagath Poornima Theatre,City Market,12.9586088,77.58646,19.96,0.0,7.1877,25.6684,13.2718,Low,676,17
N-6ec95c6b,BTP107 - National College Junction,Basavanagudi,12.9476217,77.5735936,27.34,0.0,10.0016,2.0779,13.248,Low,677,13
N-841830ee,"BTP178 - 18th Main, Marenahalli",J.P. Nagar,12.9167885,77.5898203,30.14,0.0,3.1034,0.0,12.6767,Low,678,19
N-8521b61a,BTP132 - Anepalya Junction,Wilson Garden,12.9510624,77.603372,29.91,0.0,1.2381,2.1251,12.5304,Low,679,21
N-dd75df85,"BTP178 - 18th Main, Marenahalli",Jayanagara,12.9169806,77.589377,27.81,0.0,5.5958,1.3552,12.4464,Low,680,21
N-d9f30334,"BTP114 - KR Road Junction, Near JSS",Jayanagara,12.9235788,77.576368,29.91,0.0,1.2381,1.3552,12.4149,Low,681,22
N-ab155ed0,BTP184 - Lalbagh West Gate,V.V.Puram (C.Pet),12.9495224,77.5790568,19.19,0.0,17.7681,6.8182,12.2524,Low,682,15
N-507976d5,BTP181 - Bileka Halli Junction,J.P. Nagar,12.9028216,77.6011414,26.76,0.0,6.6249,0.0,12.029,Low,683,20
N-d625c0a9,BTP134 - Mico Bande,Wilson Garden,12.9484892,77.6018453,24.02,0.0,9.0368,2.1251,11.7341,Low,684,22
N-eef88391,BTP193 - Vasavi Circle,Basavanagudi,12.9482165,77.5764891,24.02,0.0,9.0368,2.0779,11.7271,Low,685,14
N-de2f9300,"BTP110 - Bharathi Nursing Home, Basavanagudi",Basavanagudi,12.9374296,77.5723053,21.8,0.0,8.2972,2.0779,10.6911,Low,686,15
N-8bce42bc,BTP216 - Yediyur Junction,Jayanagara,12.9367137,77.5771238,24.02,0.0,1.9939,1.3552,10.2101,Low,687,23
N-94472268,BTP067 - Jai Muni Rao Circle,No Police Station,12.9789988,77.540463,24.02,0.0,1.9939,0.0,10.0068,Low,688,9
N-0f78beba,"BTP102 - BMTC Junction, KH Road",Halasuru Gate,12.9584351,77.5930395,18.37,0.0,9.471,4.329,9.8915,Low,689,17
N-eda9841d,BTP173 - TMC,Cubbon Park,12.9830615,77.5970131,18.29,0.0,4.4863,10.1299,9.7327,Low,690,20
N-9b31b509,"BTP123 - 10th Cross, Wilson Garden",Adugodi,12.9438538,77.597227,19.32,0.0,8.8278,0.8202,9.6166,Low,691,19
N-c6992b0d,BTP167 - JC Road Junction,Halasuru Gate,12.959307,77.5829512,19.1,0.0,5.5958,4.329,9.4085,Low,692,18
N-2dd7485a,"BTP202 - East End Main Road, Jayanagar",J.P. Nagar,12.9154362,77.5980389,19.1,0.0,5.5958,0.0,8.7592,Low,693,21
N-9975cfdc,BTP213 - Royan Circle,V.V.Puram (C.Pet),12.9605062,77.5701519,18.29,0.0,1.2381,6.8182,8.5864,Low,694,16
N-ba61d7c4,BTP181 - Bileka Halli Junction,Mico Layout,12.9006158,77.6010865,18.29,0.0,4.4863,2.0779,8.5249,Low,695,15
N-0eee96d8,BTP157 - Kadirenahalli Cross,Banashankari,12.9141359,77.5666976,18.29,0.0,4.4863,1.1988,8.3931,Low,696,13
N-fad40c57,"BTP102 - BMTC Junction, KH Road",Ashok Nagar,12.9588228,77.5933577,18.29,0.0,1.2381,4.4527,8.2315,Low,697,14
N-d0a7b59e,"BTP094 - Sri Skanda Complex, Mysore Road",Magadi Road,12.9590233,77.5471796,18.29,0.0,1.2381,3.8961,8.148,Low,698,20
N-a8956152,"BTP113 - 27th Cross, Pai Vista, KR Road",K.S. Layout,12.9166445,77.573072,18.29,0.0,2.2994,1.2987,7.9707,Low,699,12
N-21b6ea5c,BTP028 - Vijayanagar Bus Stand Junction,No Police Station,12.9721151,77.537598,18.29,0.0,1.2381,0.0,7.5636,Low,700,10
N-bbc3bc4d,BTP082 - KR Market Junction,No Police Station,12.9633794,77.5801768,18.29,0.0,1.2381,0.0,7.5636,Low,701,11
