hotspot_id,hotspot_type,hotspot_name,police_station,latitude,longitude,violation_count,unique_vehicle_count,repeat_vehicle_count,large_vehicle_share,main_road_violation_share,peak_hour_share,active_days,latest_datetime,top_violation_type,hotspot_severity
N-a0b5be6e,Named Junction,BTP051 - Safina Plaza Junction,Shivajinagar,12.981272,77.6087061,15298,11100,398,0.0227,0.0424,0.0741,151,2024-04-08T08:31:46+00:00,WRONG PARKING,56.79
N-2fb5e349,Named Junction,BTP040 - Elite Junction,Upparpet,12.9765967,77.5766022,10718,8428,247,0.0303,0.0116,0.1147,152,2024-04-08T05:37:46+00:00,NO PARKING,57.5
N-fd860ceb,Named Junction,BTP082 - KR Market Junction,City Market,12.9644242,77.5771207,10109,8529,136,0.0349,0.0295,0.3302,152,2024-04-08T17:30:46+00:00,WRONG PARKING,60.48
N-5286fee2,Named Junction,BTP044 - Sagar Theatre Junction,Upparpet,12.9750545,77.5789751,10049,7754,269,0.0555,0.0412,0.0984,152,2024-04-08T05:13:46+00:00,NO PARKING,57.48
N-2d5e02cf,Named Junction,BTP211 - Central Street Junction,Shivajinagar,12.9833849,77.6034593,5373,4573,94,0.0307,0.0637,0.1245,149,2024-04-08T07:07:46+00:00,WRONG PARKING,56.84
N-30e36d1e,Named Junction,BTP058 - Subbanna Junction,Upparpet,12.9787965,77.5787497,4830,3500,138,0.0673,0.0143,0.4453,148,2024-04-08T06:22:46+00:00,NO PARKING,62.31
N-5302b13a,Named Junction,BTP020 - Hosahalli Metro Station,Vijayanagara,12.9741947,77.5452736,4035,2265,161,0.004,0.0191,0.0312,122,2024-04-04T11:12:46+00:00,WRONG PARKING,54.65
N-59a97111,Named Junction,BTP057 - Anand Rao Junction,Upparpet,12.9792514,77.5744493,3641,3114,103,0.1371,0.0393,0.1928,147,2024-04-08T08:32:46+00:00,WRONG PARKING,59.17
N-0ac7558d,Named Junction,"BTP080 - NR Road, SP Road Junction",Halasuru Gate,12.9645274,77.5834054,3283,3002,23,0.0664,0.0308,0.0323,144,2024-04-08T01:50:46+00:00,WRONG PARKING,55.14
N-753ac65a,Named Junction,BTP045 - Danvanthri Road Junction,Upparpet,12.9770651,77.5747896,3181,2787,87,0.1103,0.0406,0.1594,150,2024-04-08T09:06:46+00:00,WRONG PARKING,58.21
N-a2e845b1,Named Junction,"BTP001 - 10th Cross, Dr. Rajkumar Road",Malleshwaram,13.0078114,77.5546534,2812,2511,35,0.0281,0.0025,0.1387,143,2024-04-08T12:56:46+00:00,WRONG PARKING,55.96
N-85c545c1,Named Junction,BTP027 - Modi Bridge Junction,Rajajinagar,12.9992733,77.5493148,2759,1901,102,0.0058,0.0047,0.0395,131,2024-04-08T04:05:46+00:00,WRONG PARKING,54.42
N-de82a7cc,Named Junction,"BTP016 - 5th Main Road, RPC Layout",Vijayanagara,12.9652474,77.5378391,2464,2141,16,0.0248,0.0215,0.0475,107,2024-04-08T04:53:46+00:00,WRONG PARKING,52.24
N-16171fac,Named Junction,BTP032 - Windsor Circle,High ground,12.9926199,77.5887133,2429,1248,128,0.0045,0.0062,0.086,96,2024-04-07T04:18:46+00:00,WRONG PARKING,53.03
N-b129d65d,Named Junction,"BTP070 - Cholurpalya Junction, Magadi Road",Magadi Road,12.9734843,77.5508059,2272,2036,14,0.0114,0.0189,0.0528,113,2024-04-08T09:09:46+00:00,NO PARKING,52.47
N-d95d2bb1,Named Junction,BTP042 - Minsk Square Junction (CTO),Shivajinagar,12.9812429,77.5985292,1880,878,96,0.0096,0.0335,0.0181,101,2024-04-06T05:03:46+00:00,WRONG PARKING,52.15
N-209451fb,Named Junction,BTP108 - Tagore Park Junction,Basavanagudi,12.9439012,77.5714312,1801,1626,16,0.0094,0.0444,0.0999,141,2024-04-08T07:12:46+00:00,WRONG PARKING,54.28
N-dd200eff,Named Junction,BTP048 - Shanthala Junction,Chamarajpet,12.9769844,77.5707237,1537,1430,26,0.0234,0.1783,0.2498,120,2024-04-07T21:12:46+00:00,NO PARKING,56.09
N-b0e2bb5c,Named Junction,"BTP083 - AS Char Street, Mysore Road",Chamarajpet,12.9670256,77.5742335,1529,1296,36,0.1086,0.2466,0.0831,129,2024-04-08T03:21:46+00:00,WRONG PARKING,55.35
N-56dfd3f8,Named Junction,BTP104 - Medical College Circle,City Market,12.9595619,77.5766993,1457,1247,18,0.2574,0.0302,0.1956,119,2024-04-08T00:50:46+00:00,WRONG PARKING,58.23
N-1d1d9429,Named Junction,BTP043 - Upparpet Junction,City Market,12.970322,77.5758296,1407,1185,30,0.0498,0.0085,0.1194,132,2024-04-07T06:33:46+00:00,WRONG PARKING,54.88
N-51b0b4b8,Named Junction,BTP038 - Mysore Bank Junction,Upparpet,12.9740976,77.5810919,1360,1211,43,0.1074,0.0419,0.0382,126,2024-04-07T04:14:46+00:00,WRONG PARKING,54.3
N-04746066,Named Junction,"BTP011 - RR Kalyana Mantapa, Dr. Rajkumar Road",Rajajinagar,12.9936333,77.5537389,1192,719,64,0.2232,0.057,0.2273,114,2024-04-07T22:09:46+00:00,WRONG PARKING,58.7
N-3f5e9738,Named Junction,"BTP083 - AS Char Street, Mysore Road",City Market,12.9658217,77.5746276,1183,1116,33,0.104,0.12,0.5199,127,2024-04-07T16:44:46+00:00,WRONG PARKING,61.22
N-3a10f2ef,Named Junction,BTP027 - Modi Bridge Junction,Vijayanagara,12.9975336,77.5493687,1173,940,36,0.0196,0.0665,0.0887,120,2024-04-08T09:52:46+00:00,WRONG PARKING,53.11
N-759526c1,Named Junction,"BTP022 - Marenahalli Junction, Vijayanagar",Vijayanagara,12.9687797,77.5367343,1156,1008,12,0.0104,0.0363,0.0389,124,2024-04-06T23:32:46+00:00,WRONG PARKING,51.91
N-9e7fd397,Named Junction,BTP135 - UCO Bank Junction,Adugodi,12.9356218,77.6149779,1112,1035,9,0.0333,0.08,0.1457,110,2024-04-08T14:06:46+00:00,NO PARKING,52.44
N-33d460f0,Named Junction,"BTP182 - 19th Main Junction, Rajajinagar",Malleshwaram,12.9996773,77.5506575,1091,917,20,0.0119,0.0018,0.0247,103,2024-04-07T03:19:46+00:00,WRONG PARKING,49.79
N-0aa863b9,Named Junction,BTP074 - Leprosy Hospital Junction,Magadi Road,12.9758469,77.5617957,1047,952,7,0.0468,0.1165,0.0669,125,2024-04-08T05:25:46+00:00,WRONG PARKING,52.53
N-6277ce3c,Named Junction,"BTP026 - 1st Block Junction, Rajajinagar",Malleshwaram,13.0024745,77.5501316,1039,895,17,0.0231,0.001,0.0404,96,2024-04-07T03:01:46+00:00,WRONG PARKING,49.52
N-ad1b9d17,Named Junction,BTP205 - Modi Hospital Junction,Vijayanagara,12.9974811,77.5469324,1007,882,24,0.0228,0.0705,0.0655,112,2024-04-07T22:57:46+00:00,WRONG PARKING,51.22
N-625e9a59,Named Junction,BTP063 - Siddalingaiah Circle,Cubbon Park,12.971578,77.5970112,983,889,12,0.0773,0.0498,0.0692,119,2024-04-08T05:31:46+00:00,NO PARKING,52.24
N-bf5f02d2,Named Junction,BTP096 - Gali Anjaneya Temple,Byatarayanapura,12.9525948,77.5412161,972,926,6,0.1121,0.2233,0.3107,111,2024-04-08T04:53:46+00:00,NO PARKING,55.57
N-208e198e,Named Junction,BTP061 - Bhashyam Circle,Rajajinagar,12.9852373,77.5538787,972,746,28,0.0267,0.0021,0.0298,120,2024-04-08T06:39:46+00:00,NO PARKING,51.4
N-3644eecf,Named Junction,BTP008 - Navarang Theatre,Malleshwaram,12.9985781,77.5530362,966,892,19,0.0186,0.0041,0.0528,111,2024-04-08T05:01:46+00:00,WRONG PARKING,50.29
N-e40a01aa,Named Junction,BTP023 - Mahalaxmi Layout Entrance,Rajajinagar,13.0080386,77.5485167,939,593,34,0.0277,0.0096,0.0138,103,2024-04-08T05:01:46+00:00,WRONG PARKING,49.47
N-b4cf7d8f,Named Junction,BTP023 - Mahalaxmi Layout Entrance,Malleshwaram,13.0099868,77.5499506,868,788,13,0.1959,0.03,0.068,118,2024-04-08T08:14:46+00:00,WRONG PARKING,53.33
N-936fc9f8,Named Junction,BTP069 - MC Circle,Vijayanagara,12.9744703,77.5472796,819,692,30,0.0085,0.0574,0.0366,72,2024-04-05T21:40:46+00:00,WRONG PARKING,47.37
N-1260c0b7,Named Junction,BTP082 - KR Market Junction,Halasuru Gate,12.9648369,77.5794873,796,712,13,0.1332,0.0264,0.3116,117,2024-04-07T19:57:46+00:00,WRONG PARKING,55.77
N-de813f8d,Named Junction,BTP172 - Nanjappa Circle,Ashok Nagar,12.9617021,77.5994891,776,481,30,0.0168,0.0026,0.0271,66,2024-04-03T23:09:46+00:00,NO PARKING,46.81
N-72e57815,Named Junction,"BTP095 - Satellite Bus Stand, Mysore Road",Byatarayanapura,12.9538253,77.543398,775,706,7,0.0529,0.0916,0.3032,92,2024-04-08T04:55:46+00:00,WRONG PARKING,52.24
N-ad689fd9,Named Junction,BTP028 - Vijayanagar Bus Stand Junction,Vijayanagara,12.9725692,77.5380619,753,690,6,0.0159,0.0252,0.1049,98,2024-04-05T00:48:46+00:00,WRONG PARKING,48.91
N-416494df,Named Junction,"BTP148 - 17th Main, Doopanahalli Bus Stop",Jeevanbheemanagar,12.9636635,77.642234,745,651,6,0.1128,0.3396,0.2,102,2024-04-08T00:47:46+00:00,NO PARKING,51.88
N-7d24ee8a,Named Junction,BTP071 - Prasanna Junction,Magadi Road,12.9743695,77.5520342,721,682,7,0.0416,0.0153,0.0291,120,2024-04-08T04:05:46+00:00,NO PARKING,49.93
N-10dee132,Named Junction,"BTP206 - Shankara Mutt Circle, Vijayanagar",Vijayanagara,12.9985979,77.5414125,710,580,9,0.0225,0.0225,0.038,86,2024-04-04T22:29:46+00:00,WRONG PARKING,47.23
N-ecd37ab6,Named Junction,BTP027 - Modi Bridge Junction,Malleshwaram,12.9997609,77.5499271,652,593,28,0.0046,0.0046,0.0491,93,2024-04-08T04:06:46+00:00,WRONG PARKING,47.75
N-a33038d5,Named Junction,"BTP204 - ESI Hospital, Rajajinagar",Rajajinagar,12.9903589,77.553735,638,553,21,0.1912,0.0031,0.0674,89,2024-04-08T08:56:46+00:00,WRONG PARKING,50.37
N-40baa05f,Named Junction,BTP082 - KR Market Junction,V.V.Puram (C.Pet),12.9638974,77.5763361,632,585,26,0.0443,0.0427,0.4778,107,2024-04-07T17:10:46+00:00,WRONG PARKING,55.5
N-8c2cb6a6,Named Junction,BTP118 - Basappa Circle,City Market,12.958261,77.5775772,623,529,9,0.1429,0.0482,0.069,107,2024-04-07T21:57:46+00:00,WRONG PARKING,50.32
N-860b5ce5,Named Junction,BTP010 - Rajajinagar Entrance,Magadi Road,12.9813152,77.559714,623,600,4,0.061,0.0803,0.0337,114,2024-04-05T07:08:46+00:00,NO PARKING,49.13
N-83d9224b,Named Junction,"BTP189 - New Diagonal Road, Jayanagar",Jayanagara,12.9281123,77.5806976,602,442,18,0.01,0.0083,0.0465,80,2024-04-06T00:46:46+00:00,NO PARKING,46.53
N-01caeca6,Named Junction,BTP137 - Madiwala Traffic PS Junction,Madiwala,12.9233262,77.6198709,596,516,8,0.1896,0.0721,0.3893,107,2024-04-07T19:33:46+00:00,NO PARKING,55.45
N-0697d3ec,Named Junction,BTP038 - Mysore Bank Junction,Halasuru Gate,12.972215,77.5817617,594,562,6,0.0589,0.0135,0.0118,110,2024-04-07T04:25:46+00:00,WRONG PARKING,47.84
N-d04dce8f,Named Junction,BTP054 - Shivananda Circle,High ground,12.9856733,77.579324,589,559,4,0.0526,0.034,0.0492,111,2024-04-07T00:27:46+00:00,NO PARKING,48.34
N-7952534b,Named Junction,"BTP024 - NPS, Vijayanagar",Magadi Road,12.9826246,77.548865,565,465,11,0.0885,0.0372,0.0637,79,2024-04-06T21:44:46+00:00,WRONG PARKING,47.18
N-595a75cd,Named Junction,"BTP123 - 10th Cross, Wilson Garden",Wilson Garden,12.9460309,77.5960577,528,460,10,0.0455,0.0019,0.089,108,2024-04-08T06:23:46+00:00,NO PARKING,48.48
N-4ab405ec,Named Junction,BTP044 - Sagar Theatre Junction,City Market,12.9726174,77.5772994,500,466,26,0.026,0.002,0.02,104,2024-04-07T22:42:46+00:00,WRONG PARKING,47.15
N-f6ae8e50,Named Junction,BTP130 - GD Mara Junction,Mico Layout,12.9081999,77.6009898,498,396,10,0.0161,0.0382,0.006,55,2024-04-08T00:44:46+00:00,NO PARKING,42.92
N-e4244b5d,Named Junction,"BTP226 - 33rd Cross, 11th Main, Jayanagar",Jayanagara,12.9259266,77.5856327,492,448,2,0.0163,0.315,0.0691,94,2024-04-07T04:31:46+00:00,NO PARKING,46.15
N-8c293a82,Named Junction,BTP192 - Urvashi Theater,Wilson Garden,12.9566555,77.5861343,469,442,5,0.0405,0.0171,0.0597,124,2024-04-08T02:35:46+00:00,NO PARKING,48.74
N-19fcd432,Named Junction,BTP208 - Havanur Circle,Vijayanagara,12.9886218,77.5376877,459,404,4,0.0087,0.061,0.085,79,2024-04-08T00:44:46+00:00,WRONG PARKING,45.4
N-95d38317,Named Junction,"BTP210 - 50th cross, 12th Main , Rajajinagar",Rajajinagar,12.9869792,77.5551246,455,409,10,0.0593,0.0022,0.0527,105,2024-04-08T08:46:46+00:00,WRONG PARKING,47.16
N-0ebfa5bc,Named Junction,"BTP186 - 9th Cross, 4th Main, Jayanagar",Wilson Garden,12.939458,77.5838612,446,423,1,0.0,0.0,0.1614,32,2024-04-08T05:40:46+00:00,WRONG PARKING,39.93
N-f67b4e1e,Named Junction,"BTP062 - Basava Mantapa, Dr. Rajkumar Road",Magadi Road,12.9799118,77.5546504,425,393,4,0.0988,0.0847,0.0988,112,2024-04-08T04:41:46+00:00,NO PARKING,48.79
N-db316af4,Named Junction,BTP068 - Veeresh Theatre Junction,Vijayanagara,12.9769534,77.5454316,417,277,18,0.0048,0.0144,0.0719,55,2024-04-07T02:44:46+00:00,NO PARKING,43.53
N-37c53a41,Named Junction,BTP215 - Vanivillas Junction,Basavanagudi,12.9458666,77.5702647,409,391,5,0.022,0.0318,0.0122,101,2024-04-08T02:49:46+00:00,NO PARKING,45.03
N-6fcdb24b,Named Junction,"BTP080 - NR Road, SP Road Junction",City Market,12.9633173,77.5812116,398,346,9,0.093,0.0553,0.1181,65,2024-04-07T03:38:46+00:00,WRONG PARKING,45.46
N-b96a81b6,Named Junction,BTP017 - Attiguppe Circle,Byatarayanapura,12.9605883,77.529287,393,352,1,0.0127,0.0254,0.0178,18,2024-03-28T06:15:46+00:00,WRONG PARKING,34.63
N-0cfe38c4,Named Junction,"BTP101 - Blood Bank Circle, KH Road",Ashok Nagar,12.9619672,77.5963799,381,227,10,0.0,0.0,0.0,34,2024-02-02T22:59:46+00:00,NO PARKING,38.04
N-2b045709,Named Junction,BTP043 - Upparpet Junction,Upparpet,12.9741837,77.5746187,378,347,19,0.1164,0.0265,0.0741,84,2024-04-06T04:58:46+00:00,WRONG PARKING,46.75
N-b672bf35,Named Junction,BTP041 - Gopal Gowda Circle,Cubbon Park,12.9772959,77.5902652,378,335,3,0.0106,0.1534,0.3333,45,2024-04-07T19:21:46+00:00,NO PARKING,44.47
N-29abb4cd,Named Junction,"BTP170 - Dr. Bheem Rao Palace, Chord Road",Rajajinagar,12.9905298,77.5516247,374,252,32,0.2941,0.1658,0.0936,71,2024-04-07T22:13:46+00:00,WRONG PARKING,49.64
N-e6193522,Named Junction,BTP167 - JC Road Junction,City Market,12.95826,77.5812433,368,333,1,0.1304,0.0707,0.1875,71,2024-04-04T02:42:46+00:00,WRONG PARKING,46.61
N-98d1ff4a,Named Junction,"BTP163 - 16th Main Road, BTM Layout",Mico Layout,12.9149953,77.6085201,364,341,0,0.0659,0.0027,0.1044,55,2024-04-07T06:38:46+00:00,NO PARKING,42.92
N-10abc89c,Named Junction,BTP058 - Subbanna Junction,High ground,12.9820504,77.5774681,359,340,6,0.2813,0.0251,0.117,75,2024-04-04T05:41:46+00:00,WRONG PARKING,48.07
N-1e9d5981,Named Junction,BTP219 - Canara Bank Junction,Jayanagara,12.9311672,77.584537,358,351,0,0.0056,0.0251,0.0447,85,2024-04-08T05:12:46+00:00,NO PARKING,43.2
N-428a64fd,Named Junction,BTP155 - Katriguppe Junction,Banashankari,12.9266994,77.5507429,339,319,1,0.0059,0.0826,0.0354,41,2024-04-07T07:38:46+00:00,NO PARKING,38.24
N-99914d65,Named Junction,BTP032 - Windsor Circle,Sheshadripuram,12.9966407,77.5841631,320,274,2,0.0063,0.2437,0.0219,69,2024-04-07T01:36:46+00:00,NO PARKING,41.49
N-4a524d74,Named Junction,BTP109 - Dewan Madhava Rao Junction,Basavanagudi,12.9408643,77.5724347,309,243,4,0.0097,0.0032,0.0259,52,2024-04-08T01:01:46+00:00,NO PARKING,40.17
N-81e5ab2e,Named Junction,BTP100 - Richmond Circle,Ashok Nagar,12.9627558,77.5983063,299,244,14,0.0167,0.0067,0.0334,44,2024-04-04T01:01:46+00:00,NO PARKING,39.44
N-82a2a9e2,Named Junction,"BTP182 - 19th Main Junction, Rajajinagar",Rajajinagar,12.996562,77.5515603,299,261,8,0.0301,0.0368,0.0368,66,2024-04-08T04:17:46+00:00,WRONG PARKING,42.06
N-ad42d0e2,Named Junction,BTP220 - Puttanna Junction,Jayanagara,12.9288446,77.5828285,294,278,1,0.0,0.0136,0.0034,91,2024-04-07T00:26:46+00:00,NO PARKING,42.05
N-3b915859,Named Junction,BTP136 - Hosur-Tavarkere Road Junction,Mico Layout,12.9339667,77.6080774,294,268,10,0.0986,0.3741,0.1395,84,2024-04-07T02:02:46+00:00,NO PARKING,45.82
N-920c081b,Named Junction,"BTP188 - 27th Cross, 4th Main, Jayanagar",Jayanagara,12.9296815,77.5805691,294,237,8,0.0068,0.0306,0.0068,34,2024-04-08T00:56:46+00:00,NO PARKING,36.59
N-ecc54442,Named Junction,BTP225 - Geetha Junction,Jayanagara,12.9283381,77.5858736,287,275,1,0.0174,0.0557,0.0348,76,2024-04-07T04:21:46+00:00,NO PARKING,41.65
N-6dc16f5d,Named Junction,"BTP197 - 9th Cross, 24th Main, JP Nagar",J.P. Nagar,12.9115495,77.58599,284,270,0,0.0211,0.0951,0.1056,66,2024-03-31T01:35:46+00:00,WRONG PARKING,41.8
N-5238b46a,Named Junction,BTP076 - Hudson Circle,Halasuru Gate,12.9679927,77.5888372,275,265,1,0.0727,0.0436,0.0545,76,2024-04-08T01:42:46+00:00,NO PARKING,42.54
N-005068d9,Named Junction,BTP067 - Jai Muni Rao Circle,Magadi Road,12.9785525,77.5428695,274,259,1,0.0401,0.0292,0.0146,72,2024-04-06T01:15:46+00:00,WRONG PARKING,41.14
N-721433da,Named Junction,BTP009 - Prakash Nagar Junction,Rajajinagar,12.9925179,77.5576327,262,233,3,0.0267,0.0,0.0229,34,2024-04-08T00:09:46+00:00,WRONG PARKING,36.01
N-de2732a7,Named Junction,BTP069 - MC Circle,Magadi Road,12.9751012,77.5482804,256,231,1,0.1445,0.0312,0.0391,72,2024-04-06T05:35:46+00:00,WRONG PARKING,42.85
N-77e74241,Named Junction,BTP010 - Rajajinagar Entrance,Rajajinagar,12.9844548,77.5600076,252,192,3,0.0238,0.0675,0.0198,48,2024-04-03T03:33:46+00:00,WRONG PARKING,37.97
N-d8b31244,Named Junction,BTP208 - Havanur Circle,Kamakshipalya,12.987038,77.5372613,250,226,4,0.012,0.096,0.116,48,2024-04-06T04:55:46+00:00,WRONG PARKING,39.15
N-e9c31dd4,Named Junction,BTP078 - NR Square Junction,Halasuru Gate,12.9658734,77.5854068,244,197,4,0.1475,0.0205,0.0287,65,2024-04-06T23:10:46+00:00,WRONG PARKING,41.84
N-55d62f95,Named Junction,BTP218 - Syndicate Bank Junction,Jayanagara,12.9336089,77.5841988,238,236,0,0.0,0.0252,0.0924,52,2024-04-08T04:43:46+00:00,WRONG PARKING,39.05
N-ad921a31,Named Junction,BTP008 - Navarang Theatre,Rajajinagar,12.9981231,77.5533361,224,184,12,0.0357,0.0045,0.0804,70,2024-04-05T20:41:46+00:00,WRONG PARKING,41.85
N-91f9d435,Named Junction,BTP140 - Madiwala Check Post,Adugodi,12.9335863,77.6155158,217,185,4,0.0323,0.0046,0.1198,52,2024-04-08T05:48:46+00:00,NO PARKING,40.03
N-9d88528b,Named Junction,BTP126 - Dairy Circle,Mico Layout,12.9364045,77.6026033,213,195,3,0.1408,0.4836,0.0188,82,2024-04-08T00:50:46+00:00,WRONG PARKING,42.45
N-53e92715,Named Junction,BTP207 - 8th Main Road Basaveshwara Nagar,Vijayanagara,12.9918975,77.5384735,213,190,2,0.0188,0.0516,0.108,32,2024-04-07T05:05:46+00:00,WRONG PARKING,35.61
N-bd083a57,Named Junction,BTP018 - Dhobi Ghat Junction,Vijayanagara,12.9878376,77.5492642,213,194,11,0.0516,0.1127,0.2629,49,2024-04-05T23:56:46+00:00,WRONG PARKING,42.22
N-a8804a13,Named Junction,"BTP033 - Sophia High School, Sankey Road",High ground,12.9904445,77.5886655,208,157,53,0.0048,0.0,0.2163,51,2024-04-07T03:45:46+00:00,WRONG PARKING,45.15
N-d371794f,Named Junction,BTP098 - Nayandahalli Junction,Byatarayanapura,12.9448236,77.5276846,206,199,0,0.4854,0.3786,0.1942,57,2024-04-05T21:40:46+00:00,NO PARKING,47.64
N-9a46dcad,Named Junction,BTP047 - Vidhan Soudha Metro Station,Cubbon Park,12.979836,77.5925128,200,190,1,0.03,0.08,0.06,50,2024-04-08T06:30:46+00:00,NO PARKING,37.7
N-d16ec81b,Named Junction,"BTP170 - Dr. Bheem Rao Palace, Chord Road",Vijayanagara,12.9900754,77.5504762,199,145,12,0.1206,0.1809,0.2211,50,2024-04-01T23:42:46+00:00,WRONG PARKING,42.52
N-01a6c93e,Named Junction,"BTP115 - Sahasra Hospital, Jayanagar",Jayanagara,12.9173571,77.5741261,198,178,5,0.3586,0.0253,0.0657,77,2024-04-07T22:01:46+00:00,NO PARKING,45.53
N-050e77e7,Named Junction,BTP180 - Swagath Poornima Theatre,Halasuru Gate,12.9610472,77.5874871,195,145,3,0.359,0.041,0.2513,58,2024-04-06T03:54:46+00:00,NO PARKING,46.51
N-18b66d4c,Named Junction,BTP075 - Police Corner,Halasuru Gate,12.9688457,77.5862827,188,174,3,0.0585,0.0851,0.0,57,2024-04-03T23:00:46+00:00,WRONG PARKING,38.0
N-a0e1705c,Named Junction,BTP105 - Shivasankara Circle,V.V.Puram (C.Pet),12.9569026,77.5741661,186,165,1,0.043,0.0269,0.0,40,2024-03-30T22:00:46+00:00,NO PARKING,34.78
N-344943d4,Named Junction,"BTP176 - Rajalakshmi Kalyana Mantapa, JP Nagar",Jayanagara,12.9173554,77.5782437,183,164,1,0.082,0.1475,0.0383,51,2024-04-07T01:35:46+00:00,NO PARKING,37.74
N-5ecf966f,Named Junction,BTP076 - Hudson Circle,Cubbon Park,12.9680865,77.5887662,180,169,0,0.0222,0.0,0.0222,31,2024-04-03T02:17:46+00:00,NO PARKING,32.56
N-d5cb668a,Named Junction,BTP034 - LRDE Junction,High ground,12.988379,77.5917135,178,163,4,0.0,0.0281,0.0281,64,2024-04-08T00:14:46+00:00,WRONG PARKING,37.59
N-9f369d1a,Named Junction,"BTP099 - Cash Pharmacy, Residency Road",Ashok Nagar,12.9676997,77.6013385,177,157,0,0.113,0.2768,0.0395,45,2024-04-07T01:36:46+00:00,NO PARKING,36.73
N-83573d2c,Named Junction,"BTP099 - Cash Pharmacy, Residency Road",Cubbon Park,12.9705835,77.5992361,172,155,3,0.0872,0.0407,0.064,49,2024-04-04T01:51:46+00:00,NO PARKING,37.48
N-e22f29d6,Named Junction,"BTP145 - Sri Hatti Maramma Circle, Domluru",Halasur,12.9612776,77.636212,171,146,2,0.1404,0.0292,0.0585,51,2024-04-08T03:46:46+00:00,NO PARKING,38.45
N-31191494,Named Junction,BTP216 - Yediyur Junction,Basavanagudi,12.9380603,77.5768801,170,149,0,0.0176,0.0118,0.0294,46,2024-04-08T01:05:46+00:00,WRONG PARKING,34.87
N-c6f97e86,Named Junction,BTP018 - Dhobi Ghat Junction,Rajajinagar,12.9873282,77.5505194,169,152,5,0.0769,0.1479,0.0178,61,2024-04-05T22:00:46+00:00,WRONG PARKING,38.0
N-8a451507,Named Junction,"BTP102 - BMTC Junction, KH Road",Wilson Garden,12.9553143,77.5928938,167,163,2,0.0719,0.018,0.012,69,2024-04-06T21:15:46+00:00,NO PARKING,38.01
N-5400024e,Named Junction,BTP052 - CID Carlton House Junction,Cubbon Park,12.9809066,77.5882144,166,154,0,0.0663,0.0361,0.0181,38,2024-04-07T03:43:46+00:00,NO PARKING,33.63
N-6c314d45,Named Junction,BTP042 - Minsk Square Junction (CTO),Cubbon Park,12.9804056,77.5976275,164,160,6,0.0183,0.0305,0.0183,37,2024-03-28T03:02:46+00:00,NO PARKING,33.23
N-f013bb9f,Named Junction,BTP119 - Minerva Circle,City Market,12.9553563,77.5805822,162,152,1,0.0556,0.1296,0.037,51,2024-04-02T03:26:46+00:00,WRONG PARKING,36.06
N-31306773,Named Junction,BTP079 - Town Hall Junction,Halasuru Gate,12.9647424,77.5847898,162,158,2,0.0432,0.0123,0.0185,57,2024-03-30T03:42:46+00:00,WRONG PARKING,36.48
N-313d48e9,Named Junction,BTP054 - Shivananda Circle,Sheshadripuram,12.9884258,77.5771857,162,153,3,0.0247,0.0802,0.0123,59,2024-04-08T06:20:46+00:00,WRONG PARKING,36.35
N-283e1c6c,Named Junction,BTP106 - VV Puram College,V.V.Puram (C.Pet),12.952855,77.5744949,159,146,0,0.0252,0.0189,0.195,37,2024-04-07T05:47:46+00:00,NO PARKING,34.95
N-6aead0ff,Named Junction,BTP085 - Briyand Circle,Chamarajpet,12.9661841,77.5694044,157,145,2,0.0892,0.1401,0.1592,62,2024-04-08T02:27:46+00:00,NO PARKING,39.17
N-62d87194,Named Junction,BTP192 - Urvashi Theater,City Market,12.9560628,77.5857276,156,153,1,0.0449,0.0064,0.0769,77,2024-04-08T04:47:46+00:00,NO PARKING,38.36
N-33c3fcc9,Named Junction,BTP057 - Anand Rao Junction,Sheshadripuram,12.9811778,77.5728234,154,128,6,0.1753,0.039,0.5195,60,2024-04-05T23:04:46+00:00,WRONG PARKING,46.0
N-890ad694,Named Junction,BTP173 - TMC,Shivajinagar,12.9823149,77.5987504,149,138,5,0.0537,0.0067,0.0201,54,2024-04-04T00:44:46+00:00,WRONG PARKING,35.81
N-a7b466f4,Named Junction,BTP122 - Siddapura Junction,Wilson Garden,12.9484003,77.5927961,146,117,3,0.1233,0.0068,0.0753,43,2024-04-02T02:48:46+00:00,NO PARKING,35.36
N-fdffb304,Named Junction,"BTP190 - 36th Cross, 4th Main, Jayanagar",Jayanagara,12.9225852,77.5812768,145,141,1,0.0,0.0138,0.0,35,2024-04-04T07:01:46+00:00,NO PARKING,30.87
N-e2fbdfec,Named Junction,BTP103 - Shanti Nagar TTMC,Wilson Garden,12.9538742,77.5916228,144,138,1,0.1181,0.0417,0.0,70,2024-04-05T02:12:46+00:00,NO PARKING,37.08
N-f30be51b,Named Junction,BTP091 - Sirsi Circle,Magadi Road,12.9637822,77.5573579,138,121,6,0.1739,0.3043,0.058,53,2024-04-07T23:15:46+00:00,NO PARKING,37.85
N-556aa253,Named Junction,BTP196 - Sarakki Main Road,J.P. Nagar,12.9109965,77.5783382,138,135,1,0.0725,0.0145,0.5652,24,2024-03-27T22:36:46+00:00,WRONG PARKING,37.83
N-b3c253ea,Named Junction,BTP120 - Lalbagh Main Gate Junction,City Market,12.9542039,77.584098,138,131,0,0.1087,0.0942,0.1377,35,2024-04-07T22:00:46+00:00,WRONG PARKING,34.23
N-566b213d,Named Junction,BTP146 - Domlur Water Tank,Halasur,12.9605486,77.6386603,136,128,1,0.2279,0.0441,0.0662,44,2024-04-07T02:56:46+00:00,NO PARKING,36.23
N-48d60f8c,Named Junction,BTP037 - KR Circle,Cubbon Park,12.9766125,77.5885171,135,124,5,0.0667,0.0667,0.0148,43,2024-04-08T06:14:46+00:00,NO PARKING,33.02
N-3c095b83,Named Junction,BTP132 - Anepalya Junction,Ashok Nagar,12.9515994,77.6071144,133,83,7,0.1128,0.0301,0.0752,34,2024-04-01T22:14:46+00:00,NO PARKING,33.84
N-8b34fafe,Named Junction,"BTP115 - Sahasra Hospital, Jayanagar",Banashankari,12.9172836,77.5734325,133,126,3,0.0301,0.0376,0.0226,53,2024-04-05T21:26:46+00:00,NO PARKING,34.2
N-40e5578e,Named Junction,BTP067 - Jai Muni Rao Circle,Vijayanagara,12.978439,77.5424976,133,121,1,0.0301,0.0602,0.0075,45,2024-04-07T04:38:46+00:00,WRONG PARKING,32.36
N-f1522165,Named Junction,BTP130 - GD Mara Junction,J.P. Nagar,12.9075832,77.6001693,133,116,0,0.0,0.0075,0.015,16,2024-04-01T07:01:46+00:00,NO PARKING,25.89
N-fbf17e0c,Named Junction,"BTP202 - East End Main Road, Jayanagar",Jayanagara,12.9173464,77.5968095,131,118,0,0.084,0.7634,0.1374,27,2024-04-07T21:19:46+00:00,NO PARKING,31.23
N-5eb79fc5,Named Junction,"BTP168 - MSR Building, JC Road",Halasuru Gate,12.9612182,77.5843119,128,109,2,0.2109,0.0547,0.2656,37,2024-04-06T19:20:46+00:00,NO PARKING,37.0
N-67e82c92,Named Junction,"BTP113 - 27th Cross, Pai Vista, KR Road",Banashankari,12.9175475,77.5731119,126,118,1,0.0079,0.0238,0.0556,44,2024-04-05T23:51:46+00:00,NO PARKING,31.86
N-ab502c40,Named Junction,BTP091 - Sirsi Circle,Chamarajpet,12.960471,77.5600308,125,122,0,0.12,0.256,0.176,32,2024-04-04T21:53:46+00:00,NO PARKING,32.79
N-67596e34,Named Junction,BTP203 - RRMR Junction,Halasuru Gate,12.9673479,77.5935331,123,116,0,0.1626,0.1789,0.3415,39,2024-04-06T20:55:46+00:00,NO PARKING,37.18
N-49f115d3,Named Junction,BTP166 - Coffee Board Junction,Cubbon Park,12.9849208,77.5943367,121,111,1,0.0331,0.0165,0.0165,49,2024-04-07T04:58:46+00:00,NO PARKING,32.1
N-1b2baade,Named Junction,"BTP117 - 9th Cross, Kanakapura Road",J.P. Nagar,12.9108194,77.5736923,120,86,4,0.4667,0.025,0.2917,26,2024-03-27T21:20:46+00:00,WRONG PARKING,39.15
N-2e6c4e7b,Named Junction,BTP214 - 5th Main Chamrajpet Junction,Chamarajpet,12.9580301,77.5672278,118,111,2,0.0339,0.4831,0.0,17,2024-03-26T03:25:46+00:00,NO PARKING,25.5
N-78ba8dfe,Named Junction,"BTP221 - 15th Cross, 24th Main, JP Nagar",J.P. Nagar,12.9050226,77.5861887,116,112,0,0.0259,0.1724,0.1121,48,2024-04-04T05:43:46+00:00,NO PARKING,32.68
N-2d3796c5,Named Junction,BTP057 - Anand Rao Junction,High ground,12.9815376,77.5751972,116,111,4,0.0948,0.069,0.2328,40,2024-04-03T04:44:46+00:00,WRONG PARKING,34.88
N-f54bc40a,Named Junction,BTP218 - Syndicate Bank Junction,Wilson Garden,12.9369154,77.5849353,113,103,1,0.0088,0.0,0.292,33,2024-03-17T08:07:46+00:00,NO PARKING,32.33
N-34c28996,Named Junction,"BTP117 - 9th Cross, Kanakapura Road",Jayanagara,12.9126379,77.5732468,111,98,1,0.1441,0.009,0.3514,44,2024-04-05T21:13:46+00:00,WRONG PARKING,37.32
N-1d7a62c4,Named Junction,"BTP094 - Sri Skanda Complex, Mysore Road",Byatarayanapura,12.9557868,77.5461691,111,101,1,0.3514,0.3514,0.1892,34,2024-04-04T03:41:46+00:00,NO PARKING,36.28
N-0e2a889b,Named Junction,BTP140 - Madiwala Check Post,Mico Layout,12.9303006,77.6096912,110,88,3,0.4273,0.7455,0.3818,47,2024-03-20T21:09:46+00:00,WRONG PARKING,42.49
N-1c8299ea,Named Junction,BTP121 - KH Circle,Wilson Garden,12.9518537,77.5903747,107,106,2,0.0654,0.028,0.1402,38,2024-04-06T03:51:46+00:00,NO PARKING,31.57
N-71f141c1,Named Junction,BTP120 - Lalbagh Main Gate Junction,Wilson Garden,12.9539289,77.5848226,106,102,1,0.0377,0.0094,0.1038,39,2024-04-07T22:53:46+00:00,NO PARKING,30.62
N-6422ffc6,Named Junction,"BTP177 - Aurobindo Circle, ORR",J.P. Nagar,12.9151324,77.5857838,105,95,0,0.1048,0.1143,0.0667,39,2024-04-04T07:58:46+00:00,WRONG PARKING,30.8
N-77d8627d,Named Junction,"BTP191 - 40th Cross, 4th Main, Jayanagar",Jayanagara,12.9201062,77.5822013,105,95,1,0.0286,0.0286,0.1524,49,2024-04-06T21:55:46+00:00,WRONG PARKING,32.82
N-7a5e2652,Named Junction,BTP051 - Safina Plaza Junction,Cubbon Park,12.9752449,77.6074054,105,100,8,0.0857,0.1333,0.1714,34,2024-04-04T22:53:46+00:00,NO PARKING,32.5
N-dfce61cf,Named Junction,BTP193 - Vasavi Circle,V.V.Puram (C.Pet),12.9499186,77.5768182,105,95,0,0.0095,0.019,0.0476,31,2024-04-05T05:14:46+00:00,NO PARKING,27.44
N-5b889585,Named Junction,BTP064 - Devanga Hostel Junction,Halasuru Gate,12.9627328,77.5899046,104,85,2,0.1346,0.0288,0.0096,44,2024-04-02T23:58:46+00:00,NO PARKING,31.21
N-354315d8,Named Junction,"BTP015 - Suguna Hospital, Dr. Rajkumar Road",Rajajinagar,12.9877104,77.5594992,103,86,2,0.1456,0.0,0.1262,26,2024-04-04T02:09:46+00:00,WRONG PARKING,29.77
N-2a4ca7e5,Named Junction,BTP214 - 5th Main Chamrajpet Junction,Vijayanagara,12.9759017,77.5315566,103,101,0,0.0194,0.0485,0.0097,25,2024-03-26T06:09:46+00:00,WRONG PARKING,25.25
N-b04a2733,Named Junction,BTP208 - Havanur Circle,Magadi Road,12.9872026,77.5376829,103,94,4,0.0097,0.0485,0.0291,32,2024-04-06T04:50:46+00:00,WRONG PARKING,27.49
N-ffc29702,Named Junction,"BTP179 - 9th Block, 28th Main, Jayanagar",Jayanagara,12.9170085,77.5950962,101,90,0,0.0891,0.8911,0.1386,18,2024-04-07T21:40:46+00:00,WRONG PARKING,26.57
N-ea777e73,Named Junction,"BTP186 - 9th Cross, 4th Main, Jayanagar",Basavanagudi,12.9387561,77.5791377,100,87,2,0.0,0.0,0.01,26,2024-04-07T22:05:46+00:00,NO PARKING,25.38
N-7231211d,Named Junction,BTP184 - Lalbagh West Gate,Basavanagudi,12.9479605,77.5798414,99,97,0,0.0101,0.0101,0.0202,29,2024-04-08T00:58:46+00:00,NO PARKING,25.68
N-5f0c2ed2,Named Junction,BTP222 - Delmia Circle,J.P. Nagar,12.9059328,77.5926362,98,96,1,0.0306,0.1122,0.0612,40,2024-04-07T04:37:46+00:00,NO PARKING,28.76
N-aa2f1a40,Named Junction,BTP171 - Indian Express (Balekundri),Shivajinagar,12.9862665,77.5991399,96,90,0,0.0208,0.0729,0.1667,26,2024-04-07T03:21:46+00:00,WRONG PARKING,27.35
N-be554482,Named Junction,"BTP089 - Police Quarters, Sultan Road",Chamarajpet,12.9609831,77.5635329,87,76,2,0.023,0.3908,0.2989,28,2024-04-04T06:51:46+00:00,WRONG PARKING,30.04
N-d667b098,Named Junction,BTP068 - Veeresh Theatre Junction,Magadi Road,12.9785411,77.5465308,87,78,2,0.1954,0.0115,0.023,44,2024-04-07T04:35:46+00:00,WRONG PARKING,31.32
N-f6987419,Named Junction,BTP217 - Baleyele Junction,V.V.Puram (C.Pet),12.9573813,77.5694478,85,83,0,0.0588,0.0941,0.0118,33,2024-04-07T04:41:46+00:00,NO PARKING,26.3
N-a941a018,Named Junction,BTP036 - Police Thimmaiah Circle (GPO),Cubbon Park,12.9810543,77.5943219,83,81,1,0.0361,0.0843,0.1205,26,2024-03-26T21:33:46+00:00,NO PARKING,26.61
N-97f5d91a,Named Junction,BTP010 - Rajajinagar Entrance,Sheshadripuram,12.9827114,77.5630967,82,75,2,0.1341,0.0244,0.0,28,2024-04-02T00:17:46+00:00,NO PARKING,26.77
N-42b67214,Named Junction,"BTP177 - Aurobindo Circle, ORR",Jayanagara,12.9185304,77.5845477,81,76,0,0.0494,0.0617,0.0494,50,2024-04-06T07:51:46+00:00,NO PARKING,29.55
N-6e2ba48c,Named Junction,BTP212 - Minto Junction,V.V.Puram (C.Pet),12.9603143,77.5714076,78,68,1,0.1154,0.0385,0.1282,22,2024-04-06T04:41:46+00:00,NO PARKING,26.28
N-8c66f5d9,Named Junction,BTP063 - Siddalingaiah Circle,Halasuru Gate,12.9708693,77.5927746,77,72,0,0.0909,0.0,0.0519,23,2024-04-06T19:17:46+00:00,NO PARKING,24.76
N-ef0ddf84,Named Junction,"BTP117 - 9th Cross, Kanakapura Road",K.S. Layout,12.9135321,77.5729558,76,75,1,0.0658,0.0526,0.1711,40,2024-04-06T22:01:46+00:00,NO PARKING,29.82
N-4328d32c,Named Junction,BTP126 - Dairy Circle,Adugodi,12.9373281,77.6035814,73,69,1,0.0822,0.1233,0.0685,26,2024-04-05T21:14:46+00:00,NO PARKING,25.86
N-b4ff394b,Named Junction,BTP133 - Adugodi Junction,Adugodi,12.9418536,77.6086067,73,61,1,0.0959,0.2329,0.1096,35,2024-04-04T09:44:46+00:00,NO PARKING,28.43
N-1db9a8fa,Named Junction,BTP092 - Bangalore Builders Junction,Chamarajpet,12.9591119,77.5561384,72,67,1,0.1528,0.4028,0.4028,28,2024-04-04T05:41:46+00:00,NO PARKING,32.1
N-a7daae55,Named Junction,"BTP127 - Sagar Hospital, Jayanagar",Jayanagara,12.9273819,77.5974821,70,63,0,0.2429,0.7,0.1429,17,2024-04-08T05:06:46+00:00,NO PARKING,26.58
N-f7fe5406,Named Junction,BTP184 - Lalbagh West Gate,Wilson Garden,12.9485192,77.5805975,70,66,0,0.0429,0.0286,0.0,17,2024-04-08T05:35:46+00:00,NO PARKING,21.43
N-d1d43be0,Named Junction,BTP038 - Mysore Bank Junction,City Market,12.9706635,77.5797355,67,65,0,0.0149,0.0,0.0299,21,2024-03-31T06:21:46+00:00,WRONG PARKING,22.02
N-c9fa6f77,Named Junction,BTP020 - Hosahalli Metro Station,Magadi Road,12.9710538,77.5465548,66,61,1,0.0152,0.0152,0.0455,24,2024-03-28T20:53:46+00:00,NO PARKING,23.18
N-14f8e9ca,Named Junction,"BTP083 - AS Char Street, Mysore Road",V.V.Puram (C.Pet),12.9643791,77.5742978,66,65,2,0.0758,0.1061,0.7879,26,2024-04-04T04:57:46+00:00,WRONG PARKING,36.1
N-9f3a9702,Named Junction,BTP107 - National College Junction,V.V.Puram (C.Pet),12.9490965,77.5728812,66,55,0,0.0,0.0,0.0152,13,2024-03-29T22:10:46+00:00,NO PARKING,19.94
N-3b230695,Named Junction,"BTP159 - JP Nagar Metro, ORR",J.P. Nagar,12.905873,77.5735905,64,62,0,0.0625,0.0312,0.0469,24,2024-04-04T08:41:46+00:00,NO PARKING,23.32
N-a6be7fc5,Named Junction,BTP037 - KR Circle,Upparpet,12.9766307,77.583476,64,63,0,0.1094,0.0469,0.0156,28,2024-03-31T03:55:46+00:00,WRONG PARKING,24.61
N-ee953b3a,Named Junction,"BTP114 - KR Road Junction, Near JSS",Banashankari,12.9242347,77.5748945,63,63,0,0.0159,0.0635,0.1429,14,2024-04-03T01:16:46+00:00,NO PARKING,21.65
N-dda97889,Named Junction,BTP180 - Swagath Poornima Theatre,Wilson Garden,12.9587538,77.5868541,60,58,0,0.1167,0.0,0.0667,42,2024-04-06T03:02:46+00:00,NO PARKING,27.45
N-d4211aeb,Named Junction,BTP030 - Mekhri Circle,Sadashivanagar,13.0114713,77.5835619,60,57,0,0.0333,0.2167,0.2167,20,2024-04-07T08:42:46+00:00,WRONG PARKING,24.09
N-625c70c2,Named Junction,BTP138 - Sarjapur Road Check Post,Madiwala,12.9266432,77.6166981,60,56,0,0.2333,0.05,0.2833,34,2024-04-02T08:13:46+00:00,NO PARKING,31.26
N-25d7a804,Named Junction,BTP061 - Bhashyam Circle,Magadi Road,12.9842975,77.5546616,58,57,1,0.0517,0.0517,0.0345,39,2024-04-07T23:05:46+00:00,WRONG PARKING,25.52
N-7a3984a5,Named Junction,BTP048 - Shanthala Junction,Upparpet,12.9763055,77.5716207,56,54,3,0.0714,0.1071,0.2143,18,2024-04-02T05:13:46+00:00,WRONG PARKING,24.8
N-e011da3c,Named Junction,BTP136 - Hosur-Tavarkere Road Junction,Adugodi,12.9370041,77.6101273,51,51,0,0.0588,0.2157,0.3725,21,2024-04-06T22:29:46+00:00,WRONG PARKING,26.44
N-6feb0773,Named Junction,BTP104 - Medical College Circle,V.V.Puram (C.Pet),12.9595865,77.5741658,51,48,0,0.2549,0.0784,0.0,23,2024-04-03T05:37:46+00:00,NO PARKING,24.25
N-af9b6d1e,Named Junction,BTP053 - Three Let Junction,High ground,12.9839718,77.5817777,50,50,0,0.08,0.1,0.12,25,2024-03-29T02:24:46+00:00,WRONG PARKING,23.66
N-51107403,Named Junction,BTP126 - Dairy Circle,Wilson Garden,12.9373618,77.5999048,48,47,0,0.1042,0.2292,0.125,30,2024-04-03T20:43:46+00:00,NO PARKING,25.04
N-ba85aea1,Named Junction,"BTP026 - 1st Block Junction, Rajajinagar",Rajajinagar,13.0016552,77.5492515,47,47,3,0.0,0.0,0.0,18,2024-04-05T23:24:46+00:00,WRONG PARKING,20.06
N-d9734b73,Named Junction,BTP006 - Navarang Bar Junction,Rajajinagar,12.9909781,77.5575959,47,47,0,0.1489,0.0,0.0638,13,2024-04-08T00:07:46+00:00,WRONG PARKING,21.18
N-0419f7d7,Named Junction,BTP128 - Gorappanapalya Junction,Mico Layout,12.92028,77.6005895,47,44,0,0.0,0.0638,0.0638,18,2024-04-04T21:03:46+00:00,NO PARKING,20.06
N-42f44344,Named Junction,BTP051 - Safina Plaza Junction,Ashok Nagar,12.9749057,77.607987,46,45,3,0.0217,0.0217,0.1087,23,2024-04-01T05:00:46+00:00,WRONG PARKING,22.58
N-fadbdee6,Named Junction,"BTP024 - NPS, Vijayanagar",Vijayanagara,12.9852673,77.5480257,46,42,2,0.0217,0.0435,0.0652,24,2024-04-05T23:00:46+00:00,WRONG PARKING,21.97
N-2564782b,Named Junction,BTP158 - Devegowda Petrol Bunk,Banashankari,12.9212451,77.5602959,45,45,0,0.1556,0.0667,0.1111,16,2024-04-06T05:34:46+00:00,WRONG PARKING,21.8
N-99edbc8e,Named Junction,"BTP093 - Toll Gate, Mysore Road",Magadi Road,12.9600387,77.5516903,44,41,0,0.0682,0.1136,0.25,12,2024-04-04T20:04:46+00:00,NO PARKING,21.93
N-b0afb329,Named Junction,BTP134 - Mico Bande,Adugodi,12.945152,77.602685,41,41,0,0.0488,0.0488,0.1707,26,2024-03-22T05:25:46+00:00,WRONG PARKING,23.44
N-911b2c4b,Named Junction,BTP140 - Madiwala Check Post,Madiwala,12.9309067,77.6110863,41,37,2,0.2683,0.5366,0.1463,23,2024-03-29T00:44:46+00:00,WRONG PARKING,26.19
N-faa9e091,Named Junction,BTP037 - KR Circle,Halasuru Gate,12.9761176,77.5847617,40,40,1,0.125,0.1,0.075,27,2024-03-19T23:56:46+00:00,WRONG PARKING,23.42
N-19a7f070,Named Junction,BTP034 - LRDE Junction,Cubbon Park,12.988158,77.59195,39,38,1,0.0,0.0513,0.0513,24,2024-04-07T04:30:46+00:00,WRONG PARKING,20.3
N-d3aa905e,Named Junction,BTP205 - Modi Hospital Junction,Rajajinagar,12.9976781,77.5475278,38,36,4,0.0526,0.0263,0.1579,21,2024-04-07T22:56:46+00:00,WRONG PARKING,23.06
N-6d9566a3,Named Junction,BTP185 - RV Teachers College,Basavanagudi,12.9447842,77.5798748,38,30,0,0.0526,0.0,0.0526,12,2024-04-07T05:26:46+00:00,NO PARKING,18.16
N-516c606d,Named Junction,"BTP159 - JP Nagar Metro, ORR",K.S. Layout,12.9073474,77.5716624,37,37,0,0.0541,0.1081,0.1081,23,2024-04-01T20:54:46+00:00,NO PARKING,20.9
N-fe1cac9f,Named Junction,"BTP093 - Toll Gate, Mysore Road",Chamarajpet,12.9576652,77.5530534,37,34,1,0.1081,0.6216,0.3243,18,2024-04-03T02:35:46+00:00,NO PARKING,24.53
N-1aaadd0f,Named Junction,BTP119 - Minerva Circle,V.V.Puram (C.Pet),12.9543174,77.5795833,37,34,1,0.027,0.0541,0.0,16,2024-03-12T23:06:46+00:00,WRONG PARKING,17.73
N-baac87e5,Named Junction,BTP142 - Lower Agram Road Junction,Ashok Nagar,12.9618241,77.6154959,33,19,0,0.0909,0.2727,0.1515,8,2024-03-30T21:20:46+00:00,WRONG PARKING,18.26
N-c765e609,Named Junction,BTP035 - Basaweshwara Circle (LH) Junction,High ground,12.9847885,77.5881164,32,30,0,0.0,0.0312,0.1875,22,2024-04-02T01:38:46+00:00,NO PARKING,20.48
N-6a740489,Named Junction,"BTP164 - 29th Main Road, BTM Layout",Mico Layout,12.9151764,77.6158281,31,27,0,0.0323,0.0323,0.0,6,2024-04-04T06:32:46+00:00,WRONG PARKING,13.95
N-223ac5a2,Named Junction,BTP184 - Lalbagh West Gate,City Market,12.9492344,77.58087,31,29,0,0.0323,0.0645,0.0,6,2024-03-30T04:03:46+00:00,WRONG PARKING,13.95
N-13d827ed,Named Junction,"BTP115 - Sahasra Hospital, Jayanagar",K.S. Layout,12.9168191,77.5734408,31,31,1,0.0323,0.0,0.0323,20,2024-04-05T21:19:46+00:00,NO PARKING,18.68
N-6693bd7d,Named Junction,BTP077 - Halasuru Gate Junction,Halasuru Gate,12.9668068,77.5870361,30,23,2,0.2,0.0,0.0,17,2024-04-04T22:59:46+00:00,WRONG PARKING,20.59
N-376c63b3,Named Junction,BTP118 - Basappa Circle,V.V.Puram (C.Pet),12.9562014,77.577347,30,29,0,0.0333,0.0,0.0667,9,2024-04-03T20:53:46+00:00,WRONG PARKING,16.0
N-0da7c5ce,Named Junction,BTP017 - Attiguppe Circle,Vijayanagara,12.9605165,77.5343879,29,28,0,0.0345,0.0345,0.0345,8,2024-03-30T05:31:46+00:00,WRONG PARKING,14.84
N-79142732,Named Junction,"BTP101 - Blood Bank Circle, KH Road",Halasuru Gate,12.9616895,77.593534,29,27,0,0.2069,0.1379,0.069,19,2024-04-01T22:01:46+00:00,WRONG PARKING,20.65
N-a59769e8,Named Junction,BTP141 - Palmgroove Junction,Halasur,12.9697224,77.6150208,28,24,0,0.0,0.0357,0.0357,10,2024-03-23T04:51:46+00:00,NO PARKING,14.91
N-b1784e63,Named Junction,"BTP200 - 15th Cross, 33rd Main, JP Nagar",J.P. Nagar,12.9063283,77.5813878,28,24,0,0.0714,0.0,0.2143,17,2024-04-08T00:00:46+00:00,NO PARKING,20.11
N-5c1bf5f3,Named Junction,BTP187 - South End Circle,Wilson Garden,12.9376297,77.5837723,27,27,1,0.0,0.0,0.0741,10,2024-04-07T21:44:46+00:00,NO PARKING,15.81
N-22450ed7,Named Junction,BTP030 - Mekhri Circle,R.T. Nagar,13.0184088,77.5848904,27,25,0,0.3333,0.0,0.0,8,2024-03-25T05:56:46+00:00,NO PARKING,18.35
N-2e781520,Named Junction,BTP052 - CID Carlton House Junction,High ground,12.9811077,77.5848039,26,25,0,0.1154,0.0,0.0,15,2024-04-02T23:23:46+00:00,NO PARKING,16.56
N-6a74cced,Named Junction,BTP215 - Vanivillas Junction,V.V.Puram (C.Pet),12.9502688,77.5697285,25,24,0,0.0,0.0,0.0,7,2024-04-02T04:19:46+00:00,NO PARKING,12.41
N-a94f27e6,Named Junction,BTP092 - Bangalore Builders Junction,Magadi Road,12.9599587,77.554374,24,24,1,0.125,0.7083,0.125,9,2024-04-04T12:37:46+00:00,NO PARKING,17.72
N-e9936cf6,Named Junction,BTP132 - Anepalya Junction,Adugodi,12.94933,77.6058906,24,21,0,0.125,0.0,0.2917,10,2024-04-01T22:09:46+00:00,NO PARKING,19.93
N-5a4b5af8,Named Junction,BTP143 - ASC Junction,Halasur,12.9694987,77.6197458,24,18,0,0.125,0.0417,0.625,11,2024-04-03T22:21:46+00:00,NO PARKING,25.26
N-11b6a264,Named Junction,"BTP161 - 15th Cross, 35th Main, JP Nagar",J.P. Nagar,12.906264,77.5776522,23,22,0,0.0435,0.4783,0.0435,11,2024-03-15T06:30:46+00:00,NO PARKING,14.97
N-74a76082,Named Junction,BTP141 - Palmgroove Junction,Ashok Nagar,12.9664727,77.6115512,22,22,0,0.0,0.2273,0.0455,14,2024-02-27T04:25:46+00:00,NO PARKING,14.76
N-d781bb58,Named Junction,BTP057 - Anand Rao Junction,Chamarajpet,12.9794994,77.5707143,21,21,0,0.0476,0.0,0.5714,12,2024-04-05T19:19:46+00:00,NO PARKING,22.98
N-489f153c,Named Junction,"BTP024 - NPS, Vijayanagar",Rajajinagar,12.9855298,77.5494596,21,19,0,0.0,0.1429,0.0,11,2024-04-05T22:16:46+00:00,WRONG PARKING,13.43
N-05281916,Named Junction,BTP214 - 5th Main Chamrajpet Junction,Basavanagudi,12.9551554,77.5659109,20,20,0,0.0,0.1,0.05,9,2024-03-20T21:39:46+00:00,NO PARKING,13.29
N-df277851,Named Junction,BTP187 - South End Circle,Basavanagudi,12.9377019,77.5797287,20,18,1,0.0,0.0,0.0,11,2024-03-30T05:53:46+00:00,WRONG PARKING,14.03
N-0002061c,Named Junction,BTP213 - Royan Circle,Chamarajpet,12.9606725,77.5681329,20,20,0,0.25,0.65,0.2,7,2024-03-20T22:19:46+00:00,NO PARKING,18.23
N-ee3d2ef1,Named Junction,BTP185 - RV Teachers College,Wilson Garden,12.944189,77.5824647,19,19,0,0.0526,0.1579,0.1053,8,2024-03-30T05:39:46+00:00,NO PARKING,14.1
N-42217741,Named Junction,"BTP011 - RR Kalyana Mantapa, Dr. Rajkumar Road",Malleshwaram,12.9982901,77.5577461,16,15,1,0.0,0.0,0.0,7,2024-04-02T22:41:46+00:00,WRONG PARKING,12.02
N-f23d16a9,Named Junction,BTP138 - Sarjapur Road Check Post,Adugodi,12.9289424,77.6176572,15,15,0,0.1333,0.0,0.1333,9,2024-04-05T22:26:46+00:00,WRONG PARKING,15.96
N-ab155ed0,Named Junction,BTP184 - Lalbagh West Gate,V.V.Puram (C.Pet),12.9495224,77.5790568,15,15,0,0.0,0.0,0.0,11,2024-03-29T23:12:46+00:00,NO PARKING,12.62
N-ed3addfb,Named Junction,BTP136 - Hosur-Tavarkere Road Junction,Madiwala,12.9322893,77.6099702,15,15,0,0.4,0.4,0.2,12,2024-03-22T06:39:46+00:00,NO PARKING,21.89
N-2676b259,Named Junction,BTP211 - Central Street Junction,Cubbon Park,12.9784168,77.6016783,15,15,2,0.0667,0.0,0.0,9,2024-04-05T06:26:46+00:00,NO PARKING,14.96
N-da15c684,Named Junction,"BTP198 - 9th Cross, 8th Main, JP Nagar",J.P. Nagar,12.9103396,77.5957216,14,14,0,0.0714,0.2857,0.0,9,2024-01-30T07:11:46+00:00,WRONG PARKING,12.57
N-a97b3aaf,Named Junction,"BTP025 - Puttamma Choultry, Nagarbhavi",Magadi Road,12.9800704,77.5383456,14,13,0,0.1429,0.0,0.1429,8,2024-04-01T23:52:46+00:00,WRONG PARKING,15.32
N-83fb3a34,Named Junction,"BTP176 - Rajalakshmi Kalyana Mantapa, JP Nagar",J.P. Nagar,12.9166578,77.57938,13,13,0,0.0,0.0,0.0769,8,2024-02-01T06:06:46+00:00,WRONG PARKING,11.96
N-d80c1de9,Named Junction,BTP157 - Kadirenahalli Cross,K.S. Layout,12.912765,77.5670724,13,13,0,0.0,0.3077,0.1538,10,2024-04-04T07:23:46+00:00,WRONG PARKING,13.91
N-2007404e,Named Junction,BTP156 - Kamakya Junction,Banashankari,12.9237198,77.5536057,13,13,0,0.3846,0.3077,0.0,8,2024-04-03T04:14:46+00:00,WRONG PARKING,16.58
N-547b8b4e,Named Junction,"BTP025 - Puttamma Choultry, Nagarbhavi",Vijayanagara,12.9771706,77.5380386,13,13,0,0.0769,0.0,0.0,10,2024-03-13T21:37:46+00:00,WRONG PARKING,12.75
N-d40fa43d,Named Junction,"BTP127 - Sagar Hospital, Jayanagar",Mico Layout,12.9309902,77.6023945,13,12,0,0.0,0.0769,0.0769,9,2024-04-05T01:24:46+00:00,WRONG PARKING,12.42
N-ec332a74,Named Junction,BTP154 - Itmadu Junction,Banashankari,12.9297912,77.546565,12,12,0,0.0,0.0833,0.0,8,2024-04-04T23:25:46+00:00,WRONG PARKING,10.23
N-57ddd43e,Named Junction,"BTP164 - 29th Main Road, BTM Layout",Madiwala,12.9184253,77.6140273,11,11,0,0.0,0.0909,0.0909,6,2024-03-21T10:01:46+00:00,NO PARKING,10.55
N-073939d0,Named Junction,BTP214 - 5th Main Chamrajpet Junction,V.V.Puram (C.Pet),12.9557948,77.5674536,11,11,0,0.0,0.3636,0.1818,5,2024-03-22T20:42:46+00:00,NO PARKING,11.52
N-c71ae42d,Named Junction,BTP171 - Indian Express (Balekundri),High ground,12.9868077,77.5967667,10,10,0,0.0,0.1,0.0,8,2024-04-08T00:06:46+00:00,WRONG PARKING,9.88
N-a3ef4e0c,Named Junction,"BTP016 - 5th Main Road, RPC Layout",No Police Station,12.9649059,77.5388765,10,9,0,0.0,0.0,0.0,1,2024-02-03T05:34:46+00:00,WRONG PARKING,6.85
N-0b64cf42,Named Junction,BTP146 - Domlur Water Tank,Jeevanbheemanagar,12.9596712,77.6417043,10,10,0,0.2,0.0,0.0,6,2024-03-19T02:29:46+00:00,NO PARKING,11.96
N-cb9a931b,Named Junction,"BTP112 - 14th Cross, KR Road",Banashankari,12.9293465,77.5732088,10,10,0,0.0,0.1,0.0,4,2024-03-30T00:02:46+00:00,NO PARKING,8.23
N-80db7fe2,Named Junction,BTP187 - South End Circle,Jayanagara,12.9362702,77.5808798,9,8,0,0.0,0.0,0.2222,5,2024-03-28T03:56:46+00:00,WRONG PARKING,11.43
N-ecd956fc,Named Junction,"BTP206 - Shankara Mutt Circle, Vijayanagar",Rajajinagar,13.0003782,77.5421243,9,8,0,0.2222,0.0,0.2222,7,2024-04-05T00:25:46+00:00,WRONG PARKING,15.49
N-2fc1345c,Named Junction,"BTP179 - 9th Block, 28th Main, Jayanagar",J.P. Nagar,12.9163674,77.5949721,9,9,0,0.0,0.5556,0.3333,5,2024-02-25T02:46:46+00:00,WRONG PARKING,13.1
N-f6ca4bdc,Named Junction,BTP085 - Briyand Circle,V.V.Puram (C.Pet),12.9640597,77.5709812,9,9,0,0.2222,0.1111,0.3333,6,2024-04-06T00:50:46+00:00,WRONG PARKING,16.83
N-9790a22e,Named Junction,"BTP093 - Toll Gate, Mysore Road",Byatarayanapura,12.9569524,77.5505674,9,9,0,0.1111,0.1111,0.1111,4,2024-03-13T19:19:46+00:00,NO PARKING,11.1
N-eef88391,Named Junction,BTP193 - Vasavi Circle,Basavanagudi,12.9482165,77.5764891,8,7,0,0.0,0.0,0.0,4,2024-04-08T04:18:46+00:00,NO PARKING,7.19
N-d625c0a9,Named Junction,BTP134 - Mico Bande,Wilson Garden,12.9484892,77.6018453,8,7,0,0.0,0.0,0.0,4,2024-03-16T06:35:46+00:00,WRONG PARKING,7.19
N-0facc58f,Named Junction,BTP171 - Indian Express (Balekundri),Cubbon Park,12.9860951,77.5950082,8,8,0,0.0,0.0,0.0,3,2024-03-13T01:15:46+00:00,WRONG PARKING,6.67
N-4bfd5edc,Named Junction,BTP128 - Gorappanapalya Junction,Jayanagara,12.9215213,77.5993308,8,8,0,0.125,0.625,0.75,4,2024-03-01T21:44:46+00:00,PARKING IN A MAIN ROAD,20.32
N-de2f9300,Named Junction,"BTP110 - Bharathi Nursing Home, Basavanagudi",Basavanagudi,12.9374296,77.5723053,7,7,0,0.0,0.0,0.0,4,2024-04-02T06:01:46+00:00,WRONG PARKING,6.73
N-9b31b509,Named Junction,"BTP123 - 10th Cross, Wilson Garden",Adugodi,12.9438538,77.597227,7,7,0,0.0,0.0,0.0,5,2024-04-07T04:12:46+00:00,WRONG PARKING,7.06
N-0f78beba,Named Junction,"BTP102 - BMTC Junction, KH Road",Halasuru Gate,12.9584351,77.5930395,7,6,0,0.0,0.0,0.0,6,2024-03-30T05:07:46+00:00,NO PARKING,7.46
N-6ec95c6b,Named Junction,BTP107 - National College Junction,Basavanagudi,12.9476217,77.5735936,7,7,0,0.0,0.2857,0.0,7,2024-04-03T00:21:46+00:00,NO PARKING,7.79
N-0d1c9284,Named Junction,BTP203 - RRMR Junction,Cubbon Park,12.9690353,77.594779,7,7,0,0.0,0.0,0.0,1,2023-11-21T22:03:46+00:00,WRONG PARKING,5.35
N-38093995,Named Junction,"BTP202 - East End Main Road, Jayanagar",Mico Layout,12.9151981,77.6002216,7,7,0,0.2857,0.5714,0.0,5,2024-03-11T02:05:46+00:00,NO PARKING,11.35
N-fb2a7517,Named Junction,BTP180 - Swagath Poornima Theatre,City Market,12.9586088,77.58646,6,6,0,0.0,0.0,0.0,4,2024-02-01T02:49:46+00:00,NO PARKING,6.04
N-6f518667,Named Junction,BTP144 - Commando Hospital Junction,Halasur,12.9692036,77.6263439,6,6,0,0.5,0.1667,0.0,3,2024-02-27T22:06:46+00:00,NO PARKING,13.01
N-4fae87f0,Named Junction,BTP052 - CID Carlton House Junction,Upparpet,12.9786016,77.5834311,6,6,0,0.0,0.0,0.0,1,2023-12-03T07:12:46+00:00,WRONG PARKING,4.65
N-507976d5,Named Junction,BTP181 - Bileka Halli Junction,J.P. Nagar,12.9028216,77.6011414,5,5,0,0.0,0.2,0.0,4,2024-03-15T06:05:46+00:00,WRONG PARKING,5.69
N-c6992b0d,Named Junction,BTP167 - JC Road Junction,Halasuru Gate,12.959307,77.5829512,4,4,0,0.0,0.0,0.0,3,2024-04-04T06:39:46+00:00,WRONG PARKING,5.05
N-bf7dbdb5,Named Junction,"BTP168 - MSR Building, JC Road",City Market,12.9599831,77.5835545,4,4,0,0.25,0.0,0.25,3,2024-03-24T07:22:46+00:00,WRONG PARKING,12.55
N-dd75df85,Named Junction,"BTP178 - 18th Main, Marenahalli",Jayanagara,12.9169806,77.589377,4,4,0,0.0,0.25,0.0,3,2024-03-24T04:44:46+00:00,WRONG PARKING,5.05
N-a0d7900b,Named Junction,BTP035 - Basaweshwara Circle (LH) Junction,Cubbon Park,12.9831861,77.5885282,4,4,0,0.25,0.0,0.0,3,2024-01-23T07:00:46+00:00,NO PARKING,8.8
N-2dd7485a,Named Junction,"BTP202 - East End Main Road, Jayanagar",J.P. Nagar,12.9154362,77.5980389,4,4,0,0.0,0.0,0.0,3,2024-03-11T23:16:46+00:00,WRONG PARKING,5.05
N-7b9900c0,Named Junction,"BTP145 - Sri Hatti Maramma Circle, Domluru",Ashok Nagar,12.9614964,77.6336917,4,4,0,0.0,0.0,0.0,1,2023-12-31T05:08:46+00:00,NO PARKING,4.19
N-0eee96d8,Named Junction,BTP157 - Kadirenahalli Cross,Banashankari,12.9141359,77.5666976,3,3,0,0.0,0.0,0.0,3,2024-03-28T23:58:46+00:00,WRONG PARKING,4.36
N-5a8fba0e,Named Junction,BTP057 - Anand Rao Junction,No Police Station,12.9790986,77.575091,3,3,0,0.3333,0.0,0.0,1,2024-02-02T01:29:46+00:00,NO PARKING,8.5
N-eda9841d,Named Junction,BTP173 - TMC,Cubbon Park,12.9830615,77.5970131,3,3,0,0.0,0.0,0.0,3,2024-04-07T03:45:46+00:00,WRONG PARKING,4.36
N-ba61d7c4,Named Junction,BTP181 - Bileka Halli Junction,Mico Layout,12.9006158,77.6010865,3,3,0,0.0,0.0,0.0,3,2024-01-16T04:39:46+00:00,NO PARKING,4.36
N-841830ee,Named Junction,"BTP178 - 18th Main, Marenahalli",J.P. Nagar,12.9167885,77.5898203,3,3,0,0.0,0.0,0.0,1,2023-12-14T03:23:46+00:00,WRONG PARKING,3.5
N-6a2c27e9,Named Junction,BTP100 - Richmond Circle,Halasuru Gate,12.9655632,77.5955875,3,3,0,0.0,1.0,0.3333,2,2024-01-03T00:11:46+00:00,NO PARKING,8.7
N-94472268,Named Junction,BTP067 - Jai Muni Rao Circle,No Police Station,12.9789988,77.540463,2,2,0,0.0,0.0,0.0,1,2024-02-02T21:45:46+00:00,NO PARKING,2.81
N-a8956152,Named Junction,"BTP113 - 27th Cross, Pai Vista, KR Road",K.S. Layout,12.9166445,77.573072,2,2,0,0.0,0.0,0.0,2,2024-02-23T22:31:46+00:00,NO PARKING,3.0
N-8bce42bc,Named Junction,BTP216 - Yediyur Junction,Jayanagara,12.9367137,77.5771238,2,2,0,0.0,0.0,0.0,1,2024-03-01T22:44:46+00:00,NO PARKING,2.81
N-be68d75b,Named Junction,BTP100 - Richmond Circle,Cubbon Park,12.9653126,77.5968975,2,2,0,0.5,0.0,0.0,2,2023-12-07T22:33:46+00:00,NO PARKING,10.5
N-21b6ea5c,Named Junction,BTP028 - Vijayanagar Bus Stand Junction,No Police Station,12.9721151,77.537598,1,1,0,0.0,0.0,0.0,1,2024-02-03T05:34:46+00:00,WRONG PARKING,2.34
N-41ec3396,Named Junction,"BTP022 - Marenahalli Junction, Vijayanagar",No Police Station,12.9689726,77.5370644,1,1,0,1.0,0.0,0.0,1,2024-02-03T05:36:46+00:00,WRONG PARKING,17.34
N-bbc3bc4d,Named Junction,BTP082 - KR Market Junction,No Police Station,12.9633794,77.5801768,1,1,0,0.0,0.0,0.0,1,2024-02-03T05:30:46+00:00,WRONG PARKING,2.34
N-d9f30334,Named Junction,"BTP114 - KR Road Junction, Near JSS",Jayanagara,12.9235788,77.576368,1,1,0,0.0,1.0,0.0,1,2024-02-26T07:13:46+00:00,WRONG PARKING,2.34
N-fad40c57,Named Junction,"BTP102 - BMTC Junction, KH Road",Ashok Nagar,12.9588228,77.5933577,1,1,0,0.0,0.0,0.0,1,2024-02-26T23:43:46+00:00,NO PARKING,2.34
N-a426bd6a,Named Junction,BTP043 - Upparpet Junction,Chamarajpet,12.9714259,77.5733637,1,1,0,0.0,0.0,1.0,1,2024-02-27T09:22:46+00:00,WRONG PARKING,17.34
N-d0a7b59e,Named Junction,"BTP094 - Sri Skanda Complex, Mysore Road",Magadi Road,12.9590233,77.5471796,1,1,0,0.0,0.0,0.0,1,2024-03-01T07:59:46+00:00,WRONG PARKING,2.34
N-9975cfdc,Named Junction,BTP213 - Royan Circle,V.V.Puram (C.Pet),12.9605062,77.5701519,1,1,0,0.0,0.0,0.0,1,2024-02-28T23:01:46+00:00,NO PARKING,2.34
N-ee753b79,Named Junction,BTP053 - Three Let Junction,Upparpet,12.9800068,77.5814892,1,1,0,1.0,0.0,1.0,1,2023-11-15T20:35:46+00:00,WRONG PARKING,32.34
N-8521b61a,Named Junction,BTP132 - Anepalya Junction,Wilson Garden,12.9510624,77.603372,1,1,0,0.0,1.0,0.0,1,2024-01-29T23:33:46+00:00,PARKING IN A MAIN ROAD,2.34
