police_station,route_id,stop_order,hotspot_id,hotspot_name,latitude,longitude,priority_score,priority_band,distance_from_prev_km
Adugodi,ADUGODI-R01,1,N-b4ff394b,BTP133 - Adugodi Junction,12.9418536,77.6086067,46.2926,Critical,0.0
Adugodi,ADUGODI-R01,2,N-e011da3c,BTP136 - Hosur-Tavarkere Road Junction,12.9370041,77.6101273,32.5851,High,0.5639
Adugodi,ADUGODI-R01,3,N-9e7fd397,BTP135 - UCO Bank Junction,12.9356218,77.6149779,44.0186,High,0.5477
Adugodi,ADUGODI-R01,4,N-91f9d435,BTP140 - Madiwala Check Post,12.9335863,77.6155158,34.4996,High,0.2337
Adugodi,ADUGODI-R01,5,U-a7e19b6b,Unknown Hotspot U-0172,12.9363858,77.6172772,37.8053,High,0.3652
Adugodi,ADUGODI-R01,6,U-6c5165e2,Unknown Hotspot U-0248,12.9402182,77.6199825,38.7148,High,0.5173
Adugodi,ADUGODI-R01,7,U-9862fe52,Unknown Hotspot U-0143,12.9421585,77.6223004,31.0532,Medium,0.3311
Adugodi,ADUGODI-R01,8,U-8370db61,Unknown Hotspot U-0291,12.9395067,77.6255715,33.1621,High,0.4611
Adugodi,ADUGODI-R01,9,U-fd5121dc,Unknown Hotspot U-0203,12.9372154,77.6270648,30.1095,Medium,0.3018
Adugodi,ADUGODI-R01,10,U-98a15f0f,Unknown Hotspot U-0343,12.9348094,77.6233614,18.6356,Low,0.4823
Adugodi,ADUGODI-R02,1,U-5bf9cb7f,Unknown Hotspot U-0306,12.9335825,77.6230291,16.5332,Low,0.0
Adugodi,ADUGODI-R02,2,U-68cf1441,Unknown Hotspot U-0309,12.9315638,77.6231225,23.5245,Medium,0.2247
Adugodi,ADUGODI-R02,3,N-f23d16a9,BTP138 - Sarjapur Road Check Post,12.9289424,77.6176572,22.9988,Low,0.6601
Adugodi,ADUGODI-R02,4,U-59dc3a4a,Unknown Hotspot U-0220,12.9322729,77.631756,42.3929,High,1.5722
Adugodi,ADUGODI-R02,5,U-439c24ac,Unknown Hotspot U-0084,12.9257818,77.6336206,38.7393,High,0.7495
Adugodi,ADUGODI-R02,6,N-4328d32c,BTP126 - Dairy Circle,12.9373281,77.6035814,30.0746,Medium,3.4995
Adugodi,ADUGODI-R02,7,N-b0afb329,BTP134 - Mico Bande,12.945152,77.602685,25.4643,Medium,0.8754
Adugodi,ADUGODI-R02,8,N-e9936cf6,BTP132 - Anepalya Junction,12.94933,77.6058906,28.2315,Medium,0.5801
Adugodi,ADUGODI-R02,9,N-9b31b509,"BTP123 - 10th Cross, Wilson Garden",12.9438538,77.597227,9.6166,Low,1.119
Ashok Nagar,ASHOKNAGAR-R01,1,N-3c095b83,BTP132 - Anepalya Junction,12.9515994,77.6071144,50.8053,Critical,0.0
Ashok Nagar,ASHOKNAGAR-R01,2,U-e8c25d6d,Unknown Hotspot U-0395,12.9526718,77.6196027,19.0444,Low,1.3585
Ashok Nagar,ASHOKNAGAR-R01,3,N-baac87e5,BTP142 - Lower Agram Road Junction,12.9618241,77.6154959,33.1313,High,1.1107
Ashok Nagar,ASHOKNAGAR-R01,4,N-74a76082,BTP141 - Palmgroove Junction,12.9664727,77.6115512,18.4617,Low,0.6707
Ashok Nagar,ASHOKNAGAR-R01,5,U-01cad163,Unknown Hotspot U-0152,12.9673164,77.6084668,25.7247,Medium,0.3471
Ashok Nagar,ASHOKNAGAR-R01,6,U-4c35f862,Unknown Hotspot U-0183,12.9701686,77.6102037,32.7703,High,0.3688
Ashok Nagar,ASHOKNAGAR-R01,7,U-ead68211,Unknown Hotspot U-0047,12.9723267,77.6071685,47.6832,Critical,0.4071
Ashok Nagar,ASHOKNAGAR-R01,8,N-42f44344,BTP051 - Safina Plaza Junction,12.9749057,77.607987,25.2886,Medium,0.3002
Ashok Nagar,ASHOKNAGAR-R01,9,N-9f369d1a,"BTP099 - Cash Pharmacy, Residency Road",12.9676997,77.6013385,35.6152,High,1.0775
Ashok Nagar,ASHOKNAGAR-R01,10,N-81e5ab2e,BTP100 - Richmond Circle,12.9627558,77.5983063,33.1707,High,0.6404
Ashok Nagar,ASHOKNAGAR-R02,1,N-de813f8d,BTP172 - Nanjappa Circle,12.9617021,77.5994891,36.7129,High,0.0
Ashok Nagar,ASHOKNAGAR-R02,2,N-0cfe38c4,"BTP101 - Blood Bank Circle, KH Road",12.9619672,77.5963799,31.6245,Medium,0.3382
Ashok Nagar,ASHOKNAGAR-R02,3,N-fad40c57,"BTP102 - BMTC Junction, KH Road",12.9588228,77.5933577,8.2315,Low,0.4791
Ashok Nagar,ASHOKNAGAR-R02,4,N-7b9900c0,"BTP145 - Sri Hatti Maramma Circle, Domluru",12.9614964,77.6336917,15.4665,Low,4.3808
Banashankari,BANASHANKARI-R01,1,U-d5263b17,Unknown Hotspot U-0241,12.9384018,77.5334704,35.3753,High,0.0
Banashankari,BANASHANKARI-R01,2,U-8e1195ad,Unknown Hotspot U-0016,12.9349846,77.5365009,32.7748,High,0.5022
Banashankari,BANASHANKARI-R01,3,N-ec332a74,BTP154 - Itmadu Junction,12.9297912,77.546565,13.4368,Low,1.2341
Banashankari,BANASHANKARI-R01,4,N-428a64fd,BTP155 - Katriguppe Junction,12.9266994,77.5507429,33.0287,High,0.5685
Banashankari,BANASHANKARI-R01,5,N-2007404e,BTP156 - Kamakya Junction,12.9237198,77.5536057,23.199,Low,0.4539
Banashankari,BANASHANKARI-R01,6,N-2564782b,BTP158 - Devegowda Petrol Bunk,12.9212451,77.5602959,30.1497,Medium,0.7755
Banashankari,BANASHANKARI-R01,7,N-0eee96d8,BTP157 - Kadirenahalli Cross,12.9141359,77.5666976,8.3931,Low,1.0518
Banashankari,BANASHANKARI-R01,8,N-67e82c92,"BTP113 - 27th Cross, Pai Vista, KR Road",12.9175475,77.5731119,25.7049,Medium,0.792
Banashankari,BANASHANKARI-R01,9,N-8b34fafe,"BTP115 - Sahasra Hospital, Jayanagar",12.9172836,77.5734325,26.7135,Medium,0.0455
Banashankari,BANASHANKARI-R01,10,N-ee953b3a,"BTP114 - KR Road Junction, Near JSS",12.9242347,77.5748945,29.3295,Medium,0.789
Banashankari,BANASHANKARI-R02,1,N-cb9a931b,"BTP112 - 14th Cross, KR Road",12.9293465,77.5732088,15.6976,Low,0.0
Banashankari,BANASHANKARI-R02,2,U-bacfe6db,Unknown Hotspot U-0316,12.9423074,77.5483928,27.2899,Medium,3.0512
Banashankari,BANASHANKARI-R02,3,U-813aa291,Unknown Hotspot U-0344,12.9192499,77.5421289,29.0161,Medium,2.6522
Banaswadi,BANASWADI-R01,1,U-58cdb719,Unknown Hotspot U-0044,12.9935706,77.6625233,46.947,Critical,0.0
Banaswadi,BANASWADI-R01,2,U-9176fd91,Unknown Hotspot U-0355,12.9911278,77.6570178,28.5185,Medium,0.6554
Banaswadi,BANASWADI-R01,3,U-7439b46c,Unknown Hotspot U-0369,12.9916136,77.6524204,32.8401,High,0.501
Banaswadi,BANASWADI-R01,4,U-d4130175,Unknown Hotspot U-0356,12.9926487,77.6517375,28.8929,Medium,0.1368
Banaswadi,BANASWADI-R01,5,U-69a07e4c,Unknown Hotspot U-0375,12.9949681,77.6540693,25.9151,Medium,0.361
Banaswadi,BANASWADI-R01,6,U-f1b42198,Unknown Hotspot U-0373,13.0035423,77.6627741,27.2603,Medium,1.3411
Banaswadi,BANASWADI-R01,7,U-eaaae494,Unknown Hotspot U-0157,12.9800059,77.652252,27.3554,Medium,2.8547
Banaswadi,BANASWADI-R01,8,U-373c2b94,Unknown Hotspot U-0313,12.983513,77.679874,31.6674,Medium,3.0182
Banaswadi,BANASWADI-R01,9,U-f4ee3b78,Unknown Hotspot U-0227,13.0019882,77.63267,25.3806,Medium,5.5116
Banaswadi,BANASWADI-R01,10,U-619f77e4,Unknown Hotspot U-0221,13.0126934,77.6262158,29.699,Medium,1.3806
Banaswadi,BANASWADI-R02,1,U-eee7805c,Unknown Hotspot U-0125,13.0222773,77.6385524,37.2036,High,0.0
Banaswadi,BANASWADI-R02,2,U-ed6db07e,Unknown Hotspot U-0263,13.0240269,77.6434132,28.0999,Medium,0.5614
Basavanagudi,BASAVANAGUDI-R01,1,N-209451fb,BTP108 - Tagore Park Junction,12.9439012,77.5714312,56.4805,Critical,0.0
Basavanagudi,BASAVANAGUDI-R01,2,N-37c53a41,BTP215 - Vanivillas Junction,12.9458666,77.5702647,50.8452,Critical,0.2525
Basavanagudi,BASAVANAGUDI-R01,3,N-6ec95c6b,BTP107 - National College Junction,12.9476217,77.5735936,13.248,Low,0.4102
Basavanagudi,BASAVANAGUDI-R01,4,N-eef88391,BTP193 - Vasavi Circle,12.9482165,77.5764891,11.7271,Low,0.3207
Basavanagudi,BASAVANAGUDI-R01,5,N-7231211d,BTP184 - Lalbagh West Gate,12.9479605,77.5798414,22.6613,Low,0.3644
Basavanagudi,BASAVANAGUDI-R01,6,N-6d9566a3,BTP185 - RV Teachers College,12.9447842,77.5798748,23.275,Low,0.3532
Basavanagudi,BASAVANAGUDI-R01,7,N-ea777e73,"BTP186 - 9th Cross, 4th Main, Jayanagar",12.9387561,77.5791377,40.6719,High,0.675
Basavanagudi,BASAVANAGUDI-R01,8,N-df277851,BTP187 - South End Circle,12.9377019,77.5797287,14.9588,Low,0.1336
Basavanagudi,BASAVANAGUDI-R01,9,N-31191494,BTP216 - Yediyur Junction,12.9380603,77.5768801,27.0448,Medium,0.3113
Basavanagudi,BASAVANAGUDI-R01,10,N-de2f9300,"BTP110 - Bharathi Nursing Home, Basavanagudi",12.9374296,77.5723053,10.6911,Low,0.5007
Basavanagudi,BASAVANAGUDI-R02,1,N-4a524d74,BTP109 - Dewan Madhava Rao Junction,12.9408643,77.5724347,30.7093,Medium,0.0
Basavanagudi,BASAVANAGUDI-R02,2,U-5d0c34b7,Unknown Hotspot U-0146,12.9416511,77.5670856,32.4811,High,0.5862
Basavanagudi,BASAVANAGUDI-R02,3,U-c0656e75,Unknown Hotspot U-0290,12.9417261,77.5634491,16.6167,Low,0.3942
Basavanagudi,BASAVANAGUDI-R02,4,U-7b11c593,Unknown Hotspot U-0112,12.9379397,77.557325,28.4111,Medium,0.786
Basavanagudi,BASAVANAGUDI-R02,5,N-05281916,BTP214 - 5th Main Chamrajpet Junction,12.9551554,77.5659109,19.1768,Low,2.1284
Bellandur,BELLANDUR-R01,1,U-af6d3efb,Unknown Hotspot U-0019,12.9269632,77.6787047,49.8339,Critical,0.0
Bellandur,BELLANDUR-R01,2,U-c2e83761,Unknown Hotspot U-0198,12.9240668,77.6734489,38.4034,High,0.6544
Bellandur,BELLANDUR-R01,3,U-bd4b0f79,Unknown Hotspot U-0067,12.9174004,77.6722529,38.316,High,0.7525
Bellandur,BELLANDUR-R01,4,U-c0008176,Unknown Hotspot U-0153,12.9137771,77.6665526,14.1246,Low,0.7376
Bellandur,BELLANDUR-R01,5,U-f82498fd,Unknown Hotspot U-0148,12.9213733,77.66647,41.0266,High,0.8447
Bellandur,BELLANDUR-R01,6,U-6aedc9d1,Unknown Hotspot U-0161,12.9130291,77.6796335,35.755,High,1.7018
Bellandur,BELLANDUR-R01,7,U-f1d5c12d,Unknown Hotspot U-0361,12.9079908,77.6759634,23.5322,Medium,0.6871
Bellandur,BELLANDUR-R01,8,U-8c23819f,Unknown Hotspot U-0327,12.9042338,77.6759627,31.231,Medium,0.4178
Bellandur,BELLANDUR-R01,9,U-9b3d93ea,Unknown Hotspot U-0007,12.8997134,77.6754664,41.2461,High,0.5055
Bellandur,BELLANDUR-R01,10,U-5cbe856c,Unknown Hotspot U-0097,12.8952046,77.67584,25.4668,Medium,0.503
Bellandur,BELLANDUR-R02,1,U-9c8feae0,Unknown Hotspot U-0217,12.9015144,77.6604632,25.3408,Medium,0.0
Bellandur,BELLANDUR-R02,2,U-47c66732,Unknown Hotspot U-0106,12.9101093,77.6862797,28.9638,Medium,2.9569
Bellandur,BELLANDUR-R02,3,U-8bc09b70,Unknown Hotspot U-0035,12.9068096,77.6966917,38.2886,High,1.1867
Bellandur,BELLANDUR-R02,4,U-964cb96f,Unknown Hotspot U-0167,12.9044297,77.7022464,21.0422,Low,0.6576
Bellandur,BELLANDUR-R02,5,U-ee669af7,Unknown Hotspot U-0043,12.9036684,77.7042074,34.2009,High,0.2288
Bellandur,BELLANDUR-R02,6,U-416d2f58,Unknown Hotspot U-0282,12.9154547,77.6986737,24.9592,Medium,1.4413
Bellandur,BELLANDUR-R02,7,U-5acaba4d,Unknown Hotspot U-0199,12.9290428,77.6951259,48.3325,Critical,1.5591
Byatarayanapura,BYATARAYANAP-R01,1,U-4f4791fa,Unknown Hotspot U-0296,12.9501882,77.5223018,50.5704,Critical,0.0
Byatarayanapura,BYATARAYANAP-R01,2,U-31bc4dc9,Unknown Hotspot U-0396,12.9523512,77.5204954,36.3532,High,0.3101
Byatarayanapura,BYATARAYANAP-R01,3,U-453d2275,Unknown Hotspot U-0002,12.9572955,77.5188271,45.5449,Critical,0.5787
Byatarayanapura,BYATARAYANAP-R01,4,U-b979dd4f,Unknown Hotspot U-0114,12.9609401,77.5277935,32.2123,High,1.0528
Byatarayanapura,BYATARAYANAP-R01,5,N-b96a81b6,BTP017 - Attiguppe Circle,12.9605883,77.529287,32.0514,High,0.1665
Byatarayanapura,BYATARAYANAP-R01,6,U-b9ded50b,Unknown Hotspot U-0253,12.9480487,77.5346006,43.6816,High,1.5086
Byatarayanapura,BYATARAYANAP-R01,7,N-d371794f,BTP098 - Nayandahalli Junction,12.9448236,77.5276846,44.8993,Critical,0.8309
Byatarayanapura,BYATARAYANAP-R01,8,U-cf16d44d,Unknown Hotspot U-0178,12.9403093,77.5243791,41.7705,High,0.6167
Byatarayanapura,BYATARAYANAP-R01,9,U-c12138e2,Unknown Hotspot U-0156,12.9360188,77.5179346,38.7213,High,0.8458
Byatarayanapura,BYATARAYANAP-R01,10,N-bf5f02d2,BTP096 - Gali Anjaneya Temple,12.9525948,77.5412161,50.2976,Critical,3.1245
Byatarayanapura,BYATARAYANAP-R02,1,N-72e57815,"BTP095 - Satellite Bus Stand, Mysore Road",12.9538253,77.543398,46.9507,Critical,0.0
Byatarayanapura,BYATARAYANAP-R02,2,N-1d7a62c4,"BTP094 - Sri Skanda Complex, Mysore Road",12.9557868,77.5461691,40.67,High,0.3711
Byatarayanapura,BYATARAYANAP-R02,3,N-9790a22e,"BTP093 - Toll Gate, Mysore Road",12.9569524,77.5505674,25.4083,Medium,0.4939
Chamarajpet,CHAMARAJPET-R01,1,N-be554482,"BTP089 - Police Quarters, Sultan Road",12.9609831,77.5635329,52.5061,Critical,0.0
Chamarajpet,CHAMARAJPET-R01,2,N-ab502c40,BTP091 - Sirsi Circle,12.960471,77.5600308,38.865,High,0.3837
Chamarajpet,CHAMARAJPET-R01,3,N-1db9a8fa,BTP092 - Bangalore Builders Junction,12.9591119,77.5561384,39.1951,High,0.448
Chamarajpet,CHAMARAJPET-R01,4,N-fe1cac9f,"BTP093 - Toll Gate, Mysore Road",12.9576652,77.5530534,35.2727,High,0.371
Chamarajpet,CHAMARAJPET-R01,5,N-2e6c4e7b,BTP214 - 5th Main Chamrajpet Junction,12.9580301,77.5672278,32.1606,High,1.5365
Chamarajpet,CHAMARAJPET-R01,6,N-0002061c,BTP213 - Royan Circle,12.9606725,77.5681329,34.3626,High,0.3098
Chamarajpet,CHAMARAJPET-R01,7,N-6aead0ff,BTP085 - Briyand Circle,12.9661841,77.5694044,37.0808,High,0.6282
Chamarajpet,CHAMARAJPET-R01,8,U-0e56767a,Unknown Hotspot U-0110,12.9688346,77.567966,33.2277,High,0.3334
Chamarajpet,CHAMARAJPET-R01,9,N-a426bd6a,BTP043 - Upparpet Junction,12.9714259,77.5733637,21.4724,Low,0.652
Chamarajpet,CHAMARAJPET-R01,10,N-b0e2bb5c,"BTP083 - AS Char Street, Mysore Road",12.9670256,77.5742335,48.9522,Critical,0.4983
Chamarajpet,CHAMARAJPET-R02,1,N-dd200eff,BTP048 - Shanthala Junction,12.9769844,77.5707237,48.8462,Critical,0.0
Chamarajpet,CHAMARAJPET-R02,2,N-d781bb58,BTP057 - Anand Rao Junction,12.9794994,77.5707143,27.1862,Medium,0.2797
Chikkabanavara,CHIKKABANAVA-R01,1,U-4a68abb0,Unknown Hotspot U-0218,13.0488911,77.4974657,42.4009,High,0.0
Chikkabanavara,CHIKKABANAVA-R01,2,U-c019fd97,Unknown Hotspot U-0249,13.0501624,77.4944991,32.8208,High,0.3511
Chikkabanavara,CHIKKABANAVA-R01,3,U-8b787a99,Unknown Hotspot U-0232,13.0502388,77.5077454,28.8739,Medium,1.4349
Chikkabanavara,CHIKKABANAVA-R01,4,U-47f8f772,Unknown Hotspot U-0095,13.0549579,77.5076087,27.9262,Medium,0.5249
Chikkabanavara,CHIKKABANAVA-R01,5,U-eaf5be91,Unknown Hotspot U-0360,13.0598991,77.5068287,24.6642,Medium,0.5559
Chikkajala,CHIKKAJALA-R01,1,U-c224f8d7,Unknown Hotspot U-0021,13.1854197,77.6800924,56.344,Critical,0.0
Chikkajala,CHIKKAJALA-R01,2,U-ae693b7b,Unknown Hotspot U-0123,13.184063,77.6876371,35.2868,High,0.8306
Chikkajala,CHIKKAJALA-R01,3,U-62768426,Unknown Hotspot U-0066,13.1912467,77.646222,53.6385,Critical,4.5543
Chikkajala,CHIKKAJALA-R01,4,U-ee5f6ece,Unknown Hotspot U-0334,13.1612798,77.6265293,33.709,High,3.9559
Chikkajala,CHIKKAJALA-R01,5,U-da9ef890,Unknown Hotspot U-0252,13.1441544,77.6178581,43.1543,High,2.1231
Chikkajala,CHIKKAJALA-R01,6,U-aad3d7ea,Unknown Hotspot U-0138,13.1215627,77.6311795,51.9854,Critical,2.8968
City Market,CITYMARKET-R01,1,N-6fcdb24b,"BTP080 - NR Road, SP Road Junction",12.9633173,77.5812116,70.7371,Critical,0.0
City Market,CITYMARKET-R01,2,N-bf7dbdb5,"BTP168 - MSR Building, JC Road",12.9599831,77.5835545,27.5094,Medium,0.4493
City Market,CITYMARKET-R01,3,N-e6193522,BTP167 - JC Road Junction,12.95826,77.5812433,46.5589,Critical,0.3153
City Market,CITYMARKET-R01,4,N-f013bb9f,BTP119 - Minerva Circle,12.9553563,77.5805822,35.0101,High,0.3307
City Market,CITYMARKET-R01,5,N-b3c253ea,BTP120 - Lalbagh Main Gate Junction,12.9542039,77.584098,40.2696,High,0.402
City Market,CITYMARKET-R01,6,N-62d87194,BTP192 - Urvashi Theater,12.9560628,77.5857276,31.7698,High,0.2719
City Market,CITYMARKET-R01,7,N-fb2a7517,BTP180 - Swagath Poornima Theatre,12.9586088,77.58646,13.2718,Low,0.294
City Market,CITYMARKET-R01,8,N-8c2cb6a6,BTP118 - Basappa Circle,12.958261,77.5775772,45.98,Critical,0.9633
City Market,CITYMARKET-R01,9,N-56dfd3f8,BTP104 - Medical College Circle,12.9595619,77.5766993,53.8758,Critical,0.1731
City Market,CITYMARKET-R01,10,N-fd860ceb,BTP082 - KR Market Junction,12.9644242,77.5771207,53.2074,Critical,0.5426
City Market,CITYMARKET-R02,1,N-3f5e9738,"BTP083 - AS Char Street, Mysore Road",12.9658217,77.5746276,56.4254,Critical,0.0
City Market,CITYMARKET-R02,2,U-0c358023,Unknown Hotspot U-0075,12.9695834,77.5756911,45.4365,Critical,0.4339
City Market,CITYMARKET-R02,3,N-1d1d9429,BTP043 - Upparpet Junction,12.970322,77.5758296,47.4105,Critical,0.0835
City Market,CITYMARKET-R02,4,N-4ab405ec,BTP044 - Sagar Theatre Junction,12.9726174,77.5772994,37.3726,High,0.3009
City Market,CITYMARKET-R02,5,N-d1d43be0,BTP038 - Mysore Bank Junction,12.9706635,77.5797355,24.7109,Medium,0.3419
City Market,CITYMARKET-R02,6,U-b952d59d,Unknown Hotspot U-0226,12.9686987,77.5791415,28.3367,Medium,0.2278
City Market,CITYMARKET-R02,7,N-223ac5a2,BTP184 - Lalbagh West Gate,12.9492344,77.58087,27.1436,Medium,2.1724
Cubbon Park,CUBBONPARK-R01,1,N-b672bf35,BTP041 - Gopal Gowda Circle,12.9772959,77.5902652,59.9029,Critical,0.0
Cubbon Park,CUBBONPARK-R01,2,N-48d60f8c,BTP037 - KR Circle,12.9766125,77.5885171,31.4776,Medium,0.2041
Cubbon Park,CUBBONPARK-R01,3,N-5400024e,BTP052 - CID Carlton House Junction,12.9809066,77.5882144,48.2033,Critical,0.4786
Cubbon Park,CUBBONPARK-R01,4,N-a0d7900b,BTP035 - Basaweshwara Circle (LH) Junction,12.9831861,77.5885282,17.2246,Low,0.2557
Cubbon Park,CUBBONPARK-R01,5,N-9a46dcad,BTP047 - Vidhan Soudha Metro Station,12.979836,77.5925128,34.0387,High,0.5702
Cubbon Park,CUBBONPARK-R01,6,N-a941a018,BTP036 - Police Thimmaiah Circle (GPO),12.9810543,77.5943219,31.9362,High,0.2383
Cubbon Park,CUBBONPARK-R01,7,N-6c314d45,BTP042 - Minsk Square Junction (CTO),12.9804056,77.5976275,30.6172,Medium,0.3654
Cubbon Park,CUBBONPARK-R01,8,N-eda9841d,BTP173 - TMC,12.9830615,77.5970131,9.7327,Low,0.3027
Cubbon Park,CUBBONPARK-R01,9,N-49f115d3,BTP166 - Coffee Board Junction,12.9849208,77.5943367,25.6138,Medium,0.3561
Cubbon Park,CUBBONPARK-R01,10,N-0facc58f,BTP171 - Indian Express (Balekundri),12.9860951,77.5950082,14.3596,Low,0.1495
Cubbon Park,CUBBONPARK-R02,1,N-19a7f070,BTP034 - LRDE Junction,12.988158,77.59195,21.347,Low,0.0
Cubbon Park,CUBBONPARK-R02,2,N-2676b259,BTP211 - Central Street Junction,12.9784168,77.6016783,19.5016,Low,1.5114
Cubbon Park,CUBBONPARK-R02,3,U-0a361a49,Unknown Hotspot U-0004,12.976115,77.599407,32.0979,High,0.3551
Cubbon Park,CUBBONPARK-R02,4,U-5e403a1c,Unknown Hotspot U-0200,12.9731678,77.6000946,24.6385,Medium,0.3361
Cubbon Park,CUBBONPARK-R02,5,N-83573d2c,"BTP099 - Cash Pharmacy, Residency Road",12.9705835,77.5992361,35.552,High,0.302
Cubbon Park,CUBBONPARK-R02,6,N-625e9a59,BTP063 - Siddalingaiah Circle,12.971578,77.5970112,44.2067,High,0.2652
Cubbon Park,CUBBONPARK-R02,7,N-0d1c9284,BTP203 - RRMR Junction,12.9690353,77.594779,19.1071,Low,0.3721
Cubbon Park,CUBBONPARK-R02,8,N-be68d75b,BTP100 - Richmond Circle,12.9653126,77.5968975,18.1073,Low,0.4733
Cubbon Park,CUBBONPARK-R02,9,N-5ecf966f,BTP076 - Hudson Circle,12.9680865,77.5887662,29.1297,Medium,0.9335
Cubbon Park,CUBBONPARK-R02,10,N-7a5e2652,BTP051 - Safina Plaza Junction,12.9752449,77.6074054,37.8864,High,2.1709
Devanahalli Airport,DEVANAHALLIA-R01,1,U-846035fd,Unknown Hotspot U-0219,13.2449366,77.7130117,26.1738,Medium,0.0
Electronic City,ELECTRONICCI-R01,1,U-7ca82fbd,Unknown Hotspot U-0015,12.8418377,77.64605,48.8134,Critical,0.0
Electronic City,ELECTRONICCI-R01,2,U-d2849aa3,Unknown Hotspot U-0393,12.8509305,77.6574505,31.1361,Medium,1.5968
Electronic City,ELECTRONICCI-R01,3,U-1f178f31,Unknown Hotspot U-0389,12.8543227,77.662113,25.2723,Medium,0.6307
Electronic City,ELECTRONICCI-R01,4,U-0de9a1ae,Unknown Hotspot U-0359,12.8553747,77.6645546,42.7197,High,0.2894
Electronic City,ELECTRONICCI-R01,5,U-377f2922,Unknown Hotspot U-0104,12.8704675,77.6548899,46.1514,Critical,1.9784
Electronic City,ELECTRONICCI-R01,6,U-dc5c7902,Unknown Hotspot U-0023,12.8756809,77.6709639,30.7151,Medium,1.8363
Electronic City,ELECTRONICCI-R01,7,U-047545b9,Unknown Hotspot U-0191,12.8404837,77.6768805,47.2253,Critical,3.966
Electronic City,ELECTRONICCI-R01,8,U-b926ccb3,Unknown Hotspot U-0242,12.8356364,77.679175,33.2901,High,0.5936
Electronic City,ELECTRONICCI-R01,9,U-fc3a3fe8,Unknown Hotspot U-0285,12.8231324,77.6855349,36.0069,High,1.552
Electronic City,ELECTRONICCI-R01,10,U-d492ae67,Unknown Hotspot U-0082,12.8189133,77.6887944,44.8228,Critical,0.5874
HAL Old Airport,HALOLDAIRPOR-R01,1,U-edd2fac5,Unknown Hotspot U-0014,12.9431845,77.6978399,52.7686,Critical,0.0
HAL Old Airport,HALOLDAIRPOR-R01,2,U-a244485b,Unknown Hotspot U-0370,12.9400433,77.6927055,28.3838,Medium,0.657
HAL Old Airport,HALOLDAIRPOR-R01,3,U-6bb82507,Unknown Hotspot U-0008,12.9333817,77.6901618,49.5404,Critical,0.7904
HAL Old Airport,HALOLDAIRPOR-R01,4,U-92662386,Unknown Hotspot U-0288,12.9500199,77.6897486,32.854,High,1.8506
HAL Old Airport,HALOLDAIRPOR-R01,5,U-dab064f2,Unknown Hotspot U-0025,12.9577853,77.7015538,50.3931,Critical,1.5434
HAL Old Airport,HALOLDAIRPOR-R01,6,U-0d4a69da,Unknown Hotspot U-0255,12.9565992,77.7085886,46.2381,Critical,0.7736
HAL Old Airport,HALOLDAIRPOR-R01,7,U-257bf62e,Unknown Hotspot U-0262,12.9561954,77.7111769,33.6693,High,0.284
HAL Old Airport,HALOLDAIRPOR-R01,8,U-471fb24c,Unknown Hotspot U-0087,12.9631623,77.7171746,46.5413,Critical,1.0112
HAL Old Airport,HALOLDAIRPOR-R01,9,U-4d94be43,Unknown Hotspot U-0131,12.9720971,77.7117411,51.4342,Critical,1.1549
HAL Old Airport,HALOLDAIRPOR-R01,10,U-151e8bff,Unknown Hotspot U-0273,12.9682549,77.7013601,35.4908,High,1.2033
HAL Old Airport,HALOLDAIRPOR-R02,1,U-35902f49,Unknown Hotspot U-0209,12.9697503,77.7004333,28.39,Medium,0.0
HAL Old Airport,HALOLDAIRPOR-R02,2,U-6fb96efa,Unknown Hotspot U-0258,12.9585716,77.6682409,36.0039,High,3.7032
HSR Layout,HSRLAYOUT-R01,1,U-6b94da2d,Unknown Hotspot U-0062,12.9065289,77.63004,45.7577,Critical,0.0
HSR Layout,HSRLAYOUT-R01,2,U-40b7e7e9,Unknown Hotspot U-0383,12.9026632,77.6317194,17.0997,Low,0.4668
HSR Layout,HSRLAYOUT-R01,3,U-7e3a447a,Unknown Hotspot U-0335,12.9073073,77.6351875,25.0613,Medium,0.6387
HSR Layout,HSRLAYOUT-R01,4,U-87be67b4,Unknown Hotspot U-0381,12.906654,77.6366847,20.9033,Low,0.1778
HSR Layout,HSRLAYOUT-R01,5,U-8ee5ec00,Unknown Hotspot U-0261,12.9059345,77.6385853,27.8762,Medium,0.221
HSR Layout,HSRLAYOUT-R01,6,U-79451e09,Unknown Hotspot U-0202,12.9035192,77.6420905,31.9977,High,0.4653
HSR Layout,HSRLAYOUT-R01,7,U-2ef4aad5,Unknown Hotspot U-0115,12.9105869,77.6445532,34.288,High,0.83
HSR Layout,HSRLAYOUT-R01,8,U-d681739d,Unknown Hotspot U-0058,12.9120413,77.6516425,20.0735,Low,0.7852
HSR Layout,HSRLAYOUT-R01,9,U-31ad42b6,Unknown Hotspot U-0009,12.9172271,77.6517215,27.3175,Medium,0.5767
HSR Layout,HSRLAYOUT-R01,10,U-762e783a,Unknown Hotspot U-0236,12.9229498,77.6514997,28.6517,Medium,0.6368
HSR Layout,HSRLAYOUT-R02,1,U-0f53f346,Unknown Hotspot U-0222,12.9243945,77.6499946,21.6877,Low,0.0
HSR Layout,HSRLAYOUT-R02,2,U-fd4c2430,Unknown Hotspot U-0160,12.9215614,77.6451126,22.7728,Low,0.6158
HSR Layout,HSRLAYOUT-R02,3,U-31559d69,Unknown Hotspot U-0027,12.9196175,77.6450858,25.3901,Medium,0.2162
HSR Layout,HSRLAYOUT-R02,4,U-2b23b26a,Unknown Hotspot U-0028,12.9164189,77.6381905,29.2697,Medium,0.8276
HSR Layout,HSRLAYOUT-R02,5,U-30dbb379,Unknown Hotspot U-0006,12.9121966,77.6361325,44.3698,High,0.5198
HSR Layout,HSRLAYOUT-R02,6,U-e49940be,Unknown Hotspot U-0119,12.9149163,77.6323226,22.8992,Low,0.5118
HSR Layout,HSRLAYOUT-R02,7,U-2ec3c991,Unknown Hotspot U-0040,12.9120782,77.6259052,45.4202,Critical,0.7638
HSR Layout,HSRLAYOUT-R02,8,U-24d36762,Unknown Hotspot U-0208,12.8943786,77.657225,32.9099,High,3.9239
Halasur,HALASUR-R01,1,U-c6a29c8e,Unknown Hotspot U-0026,12.9734433,77.6188824,47.7601,Critical,0.0
Halasur,HALASUR-R01,2,U-7f3bba85,Unknown Hotspot U-0317,12.9753576,77.61797,22.559,Low,0.2347
Halasur,HALASUR-R01,3,U-f3233bf5,Unknown Hotspot U-0368,12.9713849,77.6150464,20.4475,Low,0.5436
Halasur,HALASUR-R01,4,N-a59769e8,BTP141 - Palmgroove Junction,12.9697224,77.6150208,19.2237,Low,0.1849
Halasur,HALASUR-R01,5,N-5a4b5af8,BTP143 - ASC Junction,12.9694987,77.6197458,32.2602,High,0.5126
Halasur,HALASUR-R01,6,N-6f518667,BTP144 - Commando Hospital Junction,12.9692036,77.6263439,23.2367,Low,0.7157
Halasur,HALASUR-R01,7,U-e1e62e8a,Unknown Hotspot U-0358,12.9719208,77.6297888,25.3477,Medium,0.4802
Halasur,HALASUR-R01,8,U-643c1729,Unknown Hotspot U-0357,12.9721946,77.6313408,23.3992,Low,0.1709
Halasur,HALASUR-R01,9,U-76da9b15,Unknown Hotspot U-0059,12.9789284,77.6287535,39.2203,High,0.7995
Halasur,HALASUR-R01,10,U-e8f05a04,Unknown Hotspot U-0225,12.9811187,77.6304775,41.1691,High,0.3069
Halasur,HALASUR-R02,1,N-e22f29d6,"BTP145 - Sri Hatti Maramma Circle, Domluru",12.9612776,77.636212,34.486,High,0.0
Halasur,HALASUR-R02,2,N-566b213d,BTP146 - Domlur Water Tank,12.9605486,77.6386603,34.3881,High,0.2774
Halasuru Gate,HALASURUGATE-R01,1,N-1260c0b7,BTP082 - KR Market Junction,12.9648369,77.5794873,48.4038,Critical,0.0
Halasuru Gate,HALASURUGATE-R01,2,N-0ac7558d,"BTP080 - NR Road, SP Road Junction",12.9645274,77.5834054,42.8172,High,0.426
Halasuru Gate,HALASURUGATE-R01,3,N-31306773,BTP079 - Town Hall Junction,12.9647424,77.5847898,27.8522,Medium,0.1519
Halasuru Gate,HALASURUGATE-R01,4,N-e9c31dd4,BTP078 - NR Square Junction,12.9658734,77.5854068,35.236,High,0.1424
Halasuru Gate,HALASURUGATE-R01,5,N-6693bd7d,BTP077 - Halasuru Gate Junction,12.9668068,77.5870361,22.7901,Low,0.2048
Halasuru Gate,HALASURUGATE-R01,6,N-5238b46a,BTP076 - Hudson Circle,12.9679927,77.5888372,35.1011,High,0.2355
Halasuru Gate,HALASURUGATE-R01,7,N-18b66d4c,BTP075 - Police Corner,12.9688457,77.5862827,31.5131,Medium,0.2926
Halasuru Gate,HALASURUGATE-R01,8,N-0697d3ec,BTP038 - Mysore Bank Junction,12.972215,77.5817617,35.4056,High,0.6167
Halasuru Gate,HALASURUGATE-R01,9,N-faa9e091,BTP037 - KR Circle,12.9761176,77.5847617,27.4922,Medium,0.5422
Halasuru Gate,HALASURUGATE-R01,10,N-8c66f5d9,BTP063 - Siddalingaiah Circle,12.9708693,77.5927746,44.6891,High,1.0461
Halasuru Gate,HALASURUGATE-R02,1,N-67596e34,BTP203 - RRMR Junction,12.9673479,77.5935331,40.1454,High,0.0
Halasuru Gate,HALASURUGATE-R02,2,N-6a2c27e9,BTP100 - Richmond Circle,12.9655632,77.5955875,22.9063,Low,0.2982
Halasuru Gate,HALASURUGATE-R02,3,N-79142732,"BTP101 - Blood Bank Circle, KH Road",12.9616895,77.593534,26.3614,Medium,0.4848
Halasuru Gate,HALASURUGATE-R02,4,N-0f78beba,"BTP102 - BMTC Junction, KH Road",12.9584351,77.5930395,9.8915,Low,0.3658
Halasuru Gate,HALASURUGATE-R02,5,N-5b889585,BTP064 - Devanga Hostel Junction,12.9627328,77.5899046,27.9214,Medium,0.5863
Halasuru Gate,HALASURUGATE-R02,6,N-050e77e7,BTP180 - Swagath Poornima Theatre,12.9610472,77.5874871,43.5498,High,0.3221
Halasuru Gate,HALASURUGATE-R02,7,N-5eb79fc5,"BTP168 - MSR Building, JC Road",12.9612182,77.5843119,40.4875,High,0.3446
Halasuru Gate,HALASURUGATE-R02,8,N-c6992b0d,BTP167 - JC Road Junction,12.959307,77.5829512,9.4085,Low,0.2587
Hebbala,HEBBALA-R01,1,U-bc84c32c,Unknown Hotspot U-0037,13.0355708,77.5890647,54.0727,Critical,0.0
Hebbala,HEBBALA-R01,2,U-e650f59a,Unknown Hotspot U-0272,13.0429794,77.5905256,48.0611,Critical,0.8389
Hebbala,HEBBALA-R01,3,U-3e2cedab,Unknown Hotspot U-0305,13.055761,77.594073,34.7544,High,1.4723
Hennuru,HENNURU-R01,1,U-d78f6e60,Unknown Hotspot U-0083,13.0835478,77.6376312,37.8814,High,0.0
Hennuru,HENNURU-R01,2,U-9ce2a13e,Unknown Hotspot U-0128,13.0718309,77.6337284,36.5864,High,1.3697
Hennuru,HENNURU-R01,3,U-efbebc93,Unknown Hotspot U-0354,13.0681218,77.6294226,26.2862,Medium,0.6226
Hennuru,HENNURU-R01,4,U-05df2130,Unknown Hotspot U-0324,13.068787,77.6260371,31.1769,Medium,0.3741
Hennuru,HENNURU-R01,5,U-87268ac6,Unknown Hotspot U-0284,13.0500988,77.6302501,35.6336,High,2.1276
Hennuru,HENNURU-R01,6,U-f2f20f60,Unknown Hotspot U-0181,13.0455091,77.6271183,35.1753,High,0.6128
Hennuru,HENNURU-R01,7,U-58800513,Unknown Hotspot U-0259,13.0604311,77.6520891,32.3256,High,3.1732
Hennuru,HENNURU-R01,8,U-66250532,Unknown Hotspot U-0339,13.064054,77.6511525,21.673,Low,0.4154
Hennuru,HENNURU-R01,9,U-4f80ea4b,Unknown Hotspot U-0201,13.0205718,77.6567519,18.3795,Low,4.8729
High ground,HIGHGROUND-R01,1,N-d04dce8f,BTP054 - Shivananda Circle,12.9856733,77.579324,57.2648,Critical,0.0
High ground,HIGHGROUND-R01,2,N-af9b6d1e,BTP053 - Three Let Junction,12.9839718,77.5817777,32.9093,High,0.3263
High ground,HIGHGROUND-R01,3,N-2e781520,BTP052 - CID Carlton House Junction,12.9811077,77.5848039,22.978,Low,0.4571
High ground,HIGHGROUND-R01,4,N-c765e609,BTP035 - Basaweshwara Circle (LH) Junction,12.9847885,77.5881164,26.2146,Medium,0.5444
High ground,HIGHGROUND-R01,5,N-d5cb668a,BTP034 - LRDE Junction,12.988379,77.5917135,31.4531,Medium,0.5579
High ground,HIGHGROUND-R01,6,U-75e7d8d4,Unknown Hotspot U-0072,12.9894685,77.5928792,29.9669,Medium,0.175
High ground,HIGHGROUND-R01,7,U-5dca6a2c,Unknown Hotspot U-0177,12.9918628,77.5944243,33.8492,High,0.3145
High ground,HIGHGROUND-R01,8,U-8496eaa2,Unknown Hotspot U-0254,12.9935393,77.5955619,23.4606,Low,0.2235
High ground,HIGHGROUND-R01,9,U-51207169,Unknown Hotspot U-0045,12.9935912,77.5898432,44.7414,High,0.6196
High ground,HIGHGROUND-R01,10,N-16171fac,BTP032 - Windsor Circle,12.9926199,77.5887133,45.9906,Critical,0.1633
High ground,HIGHGROUND-R02,1,N-a8804a13,"BTP033 - Sophia High School, Sankey Road",12.9904445,77.5886655,41.3564,High,0.0
High ground,HIGHGROUND-R02,2,N-c71ae42d,BTP171 - Indian Express (Balekundri),12.9868077,77.5967667,17.7857,Low,0.9664
High ground,HIGHGROUND-R02,3,N-10abc89c,BTP058 - Subbanna Junction,12.9820504,77.5774681,47.2314,Critical,2.1569
High ground,HIGHGROUND-R02,4,N-2d3796c5,BTP057 - Anand Rao Junction,12.9815376,77.5751972,41.8696,High,0.2526
Hulimavu,HULIMAVU-R01,1,U-f4c92592,Unknown Hotspot U-0018,12.8903811,77.6389168,56.0413,Critical,0.0
Hulimavu,HULIMAVU-R01,2,U-e51a9674,Unknown Hotspot U-0286,12.8919369,77.6319766,26.8455,Medium,0.7719
Hulimavu,HULIMAVU-R01,3,U-46fbc160,Unknown Hotspot U-0144,12.8807142,77.6450725,43.1851,High,1.8901
Hulimavu,HULIMAVU-R01,4,U-c8445fbe,Unknown Hotspot U-0078,12.8759634,77.647892,49.4664,Critical,0.6103
Hulimavu,HULIMAVU-R01,5,U-45248e8a,Unknown Hotspot U-0311,12.876014,77.6166499,27.6055,Medium,3.3866
Hulimavu,HULIMAVU-R01,6,U-69dacb30,Unknown Hotspot U-0340,12.884162,77.5980747,27.1729,Medium,2.2079
Hulimavu,HULIMAVU-R01,7,U-8ebbc584,Unknown Hotspot U-0109,12.8762578,77.5959812,43.5798,High,0.9077
Hulimavu,HULIMAVU-R01,8,U-9613bb41,Unknown Hotspot U-0256,12.8729625,77.5942169,34.3138,High,0.4133
Hulimavu,HULIMAVU-R01,9,U-c7fb5150,Unknown Hotspot U-0094,12.8576554,77.5890331,31.4901,Medium,1.7924
J.P. Nagar,JPNAGAR-R01,1,N-1b2baade,"BTP117 - 9th Cross, Kanakapura Road",12.9108194,77.5736923,58.842,Critical,0.0
J.P. Nagar,JPNAGAR-R01,2,N-556aa253,BTP196 - Sarakki Main Road,12.9109965,77.5783382,39.457,High,0.5039
J.P. Nagar,JPNAGAR-R01,3,N-11b6a264,"BTP161 - 15th Cross, 35th Main, JP Nagar",12.906264,77.5776522,22.5414,Low,0.5315
J.P. Nagar,JPNAGAR-R01,4,N-b1784e63,"BTP200 - 15th Cross, 33rd Main, JP Nagar",12.9063283,77.5813878,24.1944,Medium,0.4049
J.P. Nagar,JPNAGAR-R01,5,N-78ba8dfe,"BTP221 - 15th Cross, 24th Main, JP Nagar",12.9050226,77.5861887,29.5528,Medium,0.5402
J.P. Nagar,JPNAGAR-R01,6,U-9a231643,Unknown Hotspot U-0212,12.9003339,77.5858614,28.1459,Medium,0.5226
J.P. Nagar,JPNAGAR-R01,7,U-667b93b2,Unknown Hotspot U-0193,12.9014316,77.5937774,23.0151,Low,0.8666
J.P. Nagar,JPNAGAR-R01,8,N-5f0c2ed2,BTP222 - Delmia Circle,12.9059328,77.5926362,27.1282,Medium,0.5156
J.P. Nagar,JPNAGAR-R01,9,N-da15c684,"BTP198 - 9th Cross, 8th Main, JP Nagar",12.9103396,77.5957216,18.8055,Low,0.5932
J.P. Nagar,JPNAGAR-R01,10,N-f1522165,BTP130 - GD Mara Junction,12.9075832,77.6001693,25.5332,Medium,0.5712
J.P. Nagar,JPNAGAR-R02,1,N-507976d5,BTP181 - Bileka Halli Junction,12.9028216,77.6011414,12.029,Low,0.0
J.P. Nagar,JPNAGAR-R02,2,U-9b7240da,Unknown Hotspot U-0154,12.8947535,77.5991068,27.5875,Medium,0.9238
J.P. Nagar,JPNAGAR-R02,3,U-3e70e490,Unknown Hotspot U-0341,12.8843644,77.5963151,19.1953,Low,1.1942
J.P. Nagar,JPNAGAR-R02,4,U-9da078be,Unknown Hotspot U-0140,12.8818099,77.5958677,29.4397,Medium,0.2882
J.P. Nagar,JPNAGAR-R02,5,N-6dc16f5d,"BTP197 - 9th Cross, 24th Main, JP Nagar",12.9115495,77.58599,35.3018,High,3.4759
J.P. Nagar,JPNAGAR-R02,6,N-6422ffc6,"BTP177 - Aurobindo Circle, ORR",12.9151324,77.5857838,30.7002,Medium,0.399
J.P. Nagar,JPNAGAR-R02,7,N-841830ee,"BTP178 - 18th Main, Marenahalli",12.9167885,77.5898203,12.6767,Low,0.4747
J.P. Nagar,JPNAGAR-R02,8,N-2fc1345c,"BTP179 - 9th Block, 28th Main, Jayanagar",12.9163674,77.5949721,24.02,Medium,0.5603
J.P. Nagar,JPNAGAR-R02,9,N-2dd7485a,"BTP202 - East End Main Road, Jayanagar",12.9154362,77.5980389,8.7592,Low,0.3481
J.P. Nagar,JPNAGAR-R02,10,N-83fb3a34,"BTP176 - Rajalakshmi Kalyana Mantapa, JP Nagar",12.9166578,77.57938,15.0974,Low,2.0268
J.P. Nagar,JPNAGAR-R03,1,N-3b230695,"BTP159 - JP Nagar Metro, ORR",12.905873,77.5735905,24.9307,Medium,0.0
Jalahalli,JALAHALLI-R01,1,U-9efb42d8,Unknown Hotspot U-0379,13.0456411,77.5485741,38.0696,High,0.0
Jalahalli,JALAHALLI-R01,2,U-86ae0ba5,Unknown Hotspot U-0185,13.0489388,77.5476641,28.864,Medium,0.3797
Jalahalli,JALAHALLI-R01,3,U-e80bd445,Unknown Hotspot U-0042,13.0489809,77.543353,26.0468,Medium,0.467
Jalahalli,JALAHALLI-R01,4,U-d88b349b,Unknown Hotspot U-0166,13.0473107,77.5425154,31.4112,Medium,0.2067
Jalahalli,JALAHALLI-R01,5,U-04ff2203,Unknown Hotspot U-0165,13.0509516,77.5526774,32.0003,High,1.1729
Jalahalli,JALAHALLI-R01,6,U-1e53ec47,Unknown Hotspot U-0102,13.0572875,77.5469449,30.7237,Medium,0.9391
Jalahalli,JALAHALLI-R01,7,U-3f240245,Unknown Hotspot U-0214,13.0550168,77.5347961,32.057,High,1.34
Jalahalli,JALAHALLI-R01,8,U-0efe2b33,Unknown Hotspot U-0163,13.0504889,77.5255347,32.6495,High,1.1225
Jalahalli,JALAHALLI-R01,9,U-191d523b,Unknown Hotspot U-0063,13.0459332,77.5222751,28.7913,Medium,0.6175
Jalahalli,JALAHALLI-R01,10,U-04de32e8,Unknown Hotspot U-0151,13.0374363,77.5353801,21.2464,Low,1.7053
Jalahalli,JALAHALLI-R02,1,U-a6013ef1,Unknown Hotspot U-0205,13.0688375,77.5300294,31.3413,Medium,0.0
Jayanagara,JAYANAGARA-R01,1,N-fbf17e0c,"BTP202 - East End Main Road, Jayanagar",12.9173464,77.5968095,53.3963,Critical,0.0
Jayanagara,JAYANAGARA-R01,2,N-ffc29702,"BTP179 - 9th Block, 28th Main, Jayanagar",12.9170085,77.5950962,37.3432,High,0.1895
Jayanagara,JAYANAGARA-R01,3,N-dd75df85,"BTP178 - 18th Main, Marenahalli",12.9169806,77.589377,12.4464,Low,0.6199
Jayanagara,JAYANAGARA-R01,4,N-42b67214,"BTP177 - Aurobindo Circle, ORR",12.9185304,77.5845477,24.4935,Medium,0.551
Jayanagara,JAYANAGARA-R01,5,N-77d8627d,"BTP191 - 40th Cross, 4th Main, Jayanagar",12.9201062,77.5822013,28.9691,Medium,0.3088
Jayanagara,JAYANAGARA-R01,6,N-fdffb304,"BTP190 - 36th Cross, 4th Main, Jayanagar",12.9225852,77.5812768,24.63,Medium,0.2933
Jayanagara,JAYANAGARA-R01,7,U-618d626c,Unknown Hotspot U-0319,12.9217527,77.5857593,20.0027,Low,0.4945
Jayanagara,JAYANAGARA-R01,8,N-e4244b5d,"BTP226 - 33rd Cross, 11th Main, Jayanagar",12.9259266,77.5856327,37.488,High,0.4643
Jayanagara,JAYANAGARA-R01,9,N-ecc54442,BTP225 - Geetha Junction,12.9283381,77.5858736,31.1088,Medium,0.2694
Jayanagara,JAYANAGARA-R01,10,N-ad42d0e2,BTP220 - Puttanna Junction,12.9288446,77.5828285,26.4414,Medium,0.3348
Jayanagara,JAYANAGARA-R02,1,N-83d9224b,"BTP189 - New Diagonal Road, Jayanagar",12.9281123,77.5806976,35.5662,High,0.0
Jayanagara,JAYANAGARA-R02,2,N-920c081b,"BTP188 - 27th Cross, 4th Main, Jayanagar",12.9296815,77.5805691,31.4735,Medium,0.175
Jayanagara,JAYANAGARA-R02,3,N-1e9d5981,BTP219 - Canara Bank Junction,12.9311672,77.584537,30.9633,Medium,0.4607
Jayanagara,JAYANAGARA-R02,4,N-55d62f95,BTP218 - Syndicate Bank Junction,12.9336089,77.5841988,31.8367,High,0.274
Jayanagara,JAYANAGARA-R02,5,N-80db7fe2,BTP187 - South End Circle,12.9362702,77.5808798,18.7222,Low,0.4658
Jayanagara,JAYANAGARA-R02,6,N-8bce42bc,BTP216 - Yediyur Junction,12.9367137,77.5771238,10.2101,Low,0.41
Jayanagara,JAYANAGARA-R02,7,N-d9f30334,"BTP114 - KR Road Junction, Near JSS",12.9235788,77.576368,12.4149,Low,1.4628
Jayanagara,JAYANAGARA-R02,8,N-344943d4,"BTP176 - Rajalakshmi Kalyana Mantapa, JP Nagar",12.9173554,77.5782437,33.9074,High,0.7213
Jayanagara,JAYANAGARA-R02,9,N-01a6c93e,"BTP115 - Sahasra Hospital, Jayanagar",12.9173571,77.5741261,36.6086,High,0.4463
Jayanagara,JAYANAGARA-R02,10,N-34c28996,"BTP117 - 9th Cross, Kanakapura Road",12.9126379,77.5732468,35.7563,High,0.5333
Jayanagara,JAYANAGARA-R03,1,U-7cff88a6,Unknown Hotspot U-0124,12.9315211,77.5925501,26.7896,Medium,0.0
Jayanagara,JAYANAGARA-R03,2,N-a7daae55,"BTP127 - Sagar Hospital, Jayanagar",12.9273819,77.5974821,37.6024,High,0.7054
Jayanagara,JAYANAGARA-R03,3,N-4bfd5edc,BTP128 - Gorappanapalya Junction,12.9215213,77.5993308,32.6612,High,0.6818
Jeevanbheemanagar,JEEVANBHEEMA-R01,1,N-416494df,"BTP148 - 17th Main, Doopanahalli Bus Stop",12.9636635,77.642234,48.2314,Critical,0.0
Jeevanbheemanagar,JEEVANBHEEMA-R01,2,N-0b64cf42,BTP146 - Domlur Water Tank,12.9596712,77.6417043,17.9213,Low,0.4476
Jeevanbheemanagar,JEEVANBHEEMA-R01,3,U-10e61a8b,Unknown Hotspot U-0038,12.9597028,77.6474294,46.4027,Critical,0.6204
Jeevanbheemanagar,JEEVANBHEEMA-R01,4,U-40527cd3,Unknown Hotspot U-0133,12.9593522,77.655814,37.3535,High,0.9094
Jeevanbheemanagar,JEEVANBHEEMA-R01,5,U-9d95da97,Unknown Hotspot U-0188,12.9588544,77.6598287,29.065,Medium,0.4386
Jeevanbheemanagar,JEEVANBHEEMA-R01,6,U-04c61ddb,Unknown Hotspot U-0184,12.9668192,77.6582609,39.948,High,0.9018
Jeevanbheemanagar,JEEVANBHEEMA-R01,7,U-0d3e3ab6,Unknown Hotspot U-0127,12.9717506,77.6580948,44.501,High,0.5486
Jeevanbheemanagar,JEEVANBHEEMA-R01,8,U-06bc8d17,Unknown Hotspot U-0012,12.9700529,77.6438927,45.7524,Critical,1.5504
Jeevanbheemanagar,JEEVANBHEEMA-R01,9,U-445a1ce2,Unknown Hotspot U-0034,12.9783357,77.6400747,38.5444,High,1.0097
Jeevanbheemanagar,JEEVANBHEEMA-R01,10,U-efbdce30,Unknown Hotspot U-0243,12.9813263,77.6406964,35.3819,High,0.3393
Jeevanbheemanagar,JEEVANBHEEMA-R02,1,U-8fe5d0d3,Unknown Hotspot U-0295,12.9839369,77.6406413,26.086,Medium,0.0
Jeevanbheemanagar,JEEVANBHEEMA-R02,2,U-3f80e8ed,Unknown Hotspot U-0277,12.9815237,77.6459206,15.5425,Low,0.6318
Jeevanbheemanagar,JEEVANBHEEMA-R02,3,U-9db13c9e,Unknown Hotspot U-0320,12.9781268,77.6365238,26.0681,Medium,1.086
Jeevanbheemanagar,JEEVANBHEEMA-R02,4,U-376ca33b,Unknown Hotspot U-0292,12.9525356,77.6403727,19.8983,Low,2.876
Jnanabharathi,JNANABHARATH-R01,1,U-408e8fe6,Unknown Hotspot U-0096,12.9609571,77.5116777,36.5414,High,0.0
Jnanabharathi,JNANABHARATH-R01,2,U-7857e79f,Unknown Hotspot U-0055,12.9716278,77.5076031,34.6303,High,1.266
Jnanabharathi,JNANABHARATH-R01,3,U-138dc542,Unknown Hotspot U-0265,12.9741452,77.5091287,28.1628,Medium,0.3251
Jnanabharathi,JNANABHARATH-R01,4,U-6c7cc8d9,Unknown Hotspot U-0336,12.9797965,77.5106269,26.3295,Medium,0.649
Jnanabharathi,JNANABHARATH-R01,5,U-1656d4ad,Unknown Hotspot U-0175,12.9395518,77.4930287,19.3399,Low,4.8644
K.G. Halli,KGHALLI-R01,1,U-05cc6c28,Unknown Hotspot U-0081,13.0352492,77.6244475,40.8389,High,0.0
K.G. Halli,KGHALLI-R01,2,U-b01f239f,Unknown Hotspot U-0353,13.0325641,77.6240414,18.3312,Low,0.3018
K.G. Halli,KGHALLI-R01,3,U-cc89ec34,Unknown Hotspot U-0352,13.0315652,77.6232275,27.258,Medium,0.1418
K.G. Halli,KGHALLI-R01,4,U-d69108a3,Unknown Hotspot U-0338,13.0329403,77.627336,33.4393,High,0.4706
K.G. Halli,KGHALLI-R01,5,U-3570bf54,Unknown Hotspot U-0237,13.0419605,77.6136467,28.5847,Medium,1.7903
K.G. Halli,KGHALLI-R01,6,U-dc42b8b6,Unknown Hotspot U-0174,13.0079407,77.6129229,25.5115,Medium,3.7836
K.R. Pura,KRPURA-R01,1,U-7f6ecc28,Unknown Hotspot U-0005,13.0084679,77.6953676,54.5468,Critical,0.0
K.R. Pura,KRPURA-R01,2,U-5febb294,Unknown Hotspot U-0367,13.0131563,77.6992312,28.7313,Medium,0.6686
K.R. Pura,KRPURA-R01,3,U-fc0f78c6,Unknown Hotspot U-0347,13.0173601,77.704616,21.912,Low,0.7476
K.R. Pura,KRPURA-R01,4,U-cdba5587,Unknown Hotspot U-0137,13.0194878,77.7087255,31.6554,Medium,0.5042
K.R. Pura,KRPURA-R01,5,U-43599fea,Unknown Hotspot U-0116,13.026376,77.7205876,29.5452,Medium,1.496
K.R. Pura,KRPURA-R01,6,U-f083b2c8,Unknown Hotspot U-0377,13.0347326,77.7340818,31.6304,Medium,1.7322
K.R. Pura,KRPURA-R01,7,U-649c9841,Unknown Hotspot U-0071,13.0358498,77.735893,30.9809,Medium,0.2322
K.R. Pura,KRPURA-R01,8,U-64f65dda,Unknown Hotspot U-0069,13.0458741,77.7503298,37.5573,High,1.9205
K.R. Pura,KRPURA-R01,9,U-3e44fd0f,Unknown Hotspot U-0287,13.054436,77.7630071,33.8008,High,1.671
K.R. Pura,KRPURA-R01,10,U-adf81120,Unknown Hotspot U-0145,13.0034633,77.7234964,31.9104,High,7.1025
K.R. Pura,KRPURA-R02,1,U-bbb5b85f,Unknown Hotspot U-0304,13.004493,77.7101254,25.2789,Medium,0.0
K.R. Pura,KRPURA-R02,2,U-f1b01484,Unknown Hotspot U-0013,13.0057366,77.6858728,49.4803,Critical,2.6312
K.S. Layout,KSLAYOUT-R01,1,U-124113c8,Unknown Hotspot U-0176,12.9096657,77.5501363,39.5991,High,0.0
K.S. Layout,KSLAYOUT-R01,2,U-bff992ac,Unknown Hotspot U-0329,12.9115078,77.552109,38.9552,High,0.2961
K.S. Layout,KSLAYOUT-R01,3,U-0a1aff26,Unknown Hotspot U-0061,12.9068603,77.5460382,33.9993,High,0.8367
K.S. Layout,KSLAYOUT-R01,4,U-f5ef0a10,Unknown Hotspot U-0179,12.9059165,77.542389,27.8443,Medium,0.4092
K.S. Layout,KSLAYOUT-R01,5,U-502aaa2a,Unknown Hotspot U-0189,12.907732,77.5329001,22.5966,Low,1.0481
K.S. Layout,KSLAYOUT-R01,6,N-d80c1de9,BTP157 - Kadirenahalli Cross,12.912765,77.5670724,20.6793,Low,3.7458
K.S. Layout,KSLAYOUT-R01,7,N-ef0ddf84,"BTP117 - 9th Cross, Kanakapura Road",12.9135321,77.5729558,30.0719,Medium,0.6433
K.S. Layout,KSLAYOUT-R01,8,N-a8956152,"BTP113 - 27th Cross, Pai Vista, KR Road",12.9166445,77.573072,7.9707,Low,0.3463
K.S. Layout,KSLAYOUT-R01,9,N-13d827ed,"BTP115 - Sahasra Hospital, Jayanagar",12.9168191,77.5734408,18.3453,Low,0.0444
K.S. Layout,KSLAYOUT-R01,10,N-516c606d,"BTP159 - JP Nagar Metro, ORR",12.9073474,77.5716624,24.6832,Medium,1.0707
K.S. Layout,KSLAYOUT-R02,1,U-e5cdb986,Unknown Hotspot U-0387,12.8974244,77.5713272,18.6525,Low,0.0
K.S. Layout,KSLAYOUT-R02,2,U-e0df76a1,Unknown Hotspot U-0070,12.8938489,77.5678172,20.3981,Low,0.5503
Kamakshipalya,KAMAKSHIPALY-R01,1,U-2a15430f,Unknown Hotspot U-0150,12.9871226,77.5195473,37.7952,High,0.0
Kamakshipalya,KAMAKSHIPALY-R01,2,U-59c97c1f,Unknown Hotspot U-0235,12.9855385,77.5268049,21.2748,Low,0.8059
Kamakshipalya,KAMAKSHIPALY-R01,3,U-8636cb5c,Unknown Hotspot U-0074,12.9838162,77.5290107,25.5463,Medium,0.3063
Kamakshipalya,KAMAKSHIPALY-R01,4,N-d8b31244,BTP208 - Havanur Circle,12.987038,77.5372613,36.0741,High,0.9631
Kamakshipalya,KAMAKSHIPALY-R01,5,U-cbe3c289,Unknown Hotspot U-0173,12.9891742,77.5078196,32.6277,High,3.1988
Kamakshipalya,KAMAKSHIPALY-R01,6,U-6e374766,Unknown Hotspot U-0092,12.9896367,77.5018687,34.2201,High,0.6468
Kamakshipalya,KAMAKSHIPALY-R01,7,U-8a59e12d,Unknown Hotspot U-0321,12.9860516,77.4879481,14.93,Low,1.5601
Kamakshipalya,KAMAKSHIPALY-R01,8,U-a25e2e06,Unknown Hotspot U-0132,12.9854451,77.4798544,25.3074,Medium,0.8796
Kamakshipalya,KAMAKSHIPALY-R01,9,U-635e2142,Unknown Hotspot U-0331,12.9885998,77.4727483,21.3516,Low,0.8461
Kamakshipalya,KAMAKSHIPALY-R01,10,U-d816a377,Unknown Hotspot U-0101,12.9994666,77.4887382,23.7522,Medium,2.1122
Kamakshipalya,KAMAKSHIPALY-R02,1,U-54989fae,Unknown Hotspot U-0366,13.0141341,77.49208,24.2198,Medium,0.0
Kengeri,KENGERI-R01,1,U-548c4d71,Unknown Hotspot U-0088,12.9320183,77.5157002,31.7336,High,0.0
Kengeri,KENGERI-R01,2,U-d4aeb1aa,Unknown Hotspot U-0052,12.9170501,77.5001856,22.5642,Low,2.3659
Kengeri,KENGERI-R01,3,U-4b56deb1,Unknown Hotspot U-0365,12.9097577,77.5133704,20.6995,Low,1.643
Kengeri,KENGERI-R01,4,U-723dc32e,Unknown Hotspot U-0142,12.9144017,77.481294,24.3628,Medium,3.5147
Kengeri,KENGERI-R01,5,U-3e130199,Unknown Hotspot U-0060,12.9114002,77.4803454,25.2331,Medium,0.3492
Kengeri,KENGERI-R01,6,U-bd31c536,Unknown Hotspot U-0169,12.9373493,77.4926418,17.7764,Low,3.1783
Kodigehalli,KODIGEHALLI-R01,1,U-ec4a809e,Unknown Hotspot U-0048,13.0474972,77.5756205,49.6649,Critical,0.0
Kodigehalli,KODIGEHALLI-R01,2,U-6f77ffe3,Unknown Hotspot U-0380,13.052752,77.5749162,32.0478,High,0.5893
Kodigehalli,KODIGEHALLI-R01,3,U-31b59f92,Unknown Hotspot U-0147,13.060033,77.5765847,37.2481,High,0.8295
Kodigehalli,KODIGEHALLI-R01,4,U-55ace1d0,Unknown Hotspot U-0297,13.0676927,77.5803411,32.8506,High,0.9439
Kodigehalli,KODIGEHALLI-R01,5,U-df287f62,Unknown Hotspot U-0050,13.0709986,77.5884522,44.7007,High,0.9524
Kodigehalli,KODIGEHALLI-R01,6,U-a7ba889f,Unknown Hotspot U-0057,13.062826,77.5892612,49.6071,Critical,0.913
Kodigehalli,KODIGEHALLI-R01,7,U-2e9c668b,Unknown Hotspot U-0111,13.058396,77.592314,43.2315,High,0.5933
Kodigehalli,KODIGEHALLI-R01,8,U-0499d4a7,Unknown Hotspot U-0036,13.0539216,77.5927464,34.6381,High,0.4997
Kodigehalli,KODIGEHALLI-R01,9,U-2d7456a0,Unknown Hotspot U-0122,13.0500415,77.5931348,49.1419,Critical,0.4335
Kodigehalli,KODIGEHALLI-R01,10,U-b34f191b,Unknown Hotspot U-0190,13.0366658,77.5747562,33.1288,High,2.4851
Kodigehalli,KODIGEHALLI-R02,1,U-937fdbd5,Unknown Hotspot U-0186,13.0384425,77.5662265,20.8512,Low,0.0
Kodigehalli,KODIGEHALLI-R02,2,U-75b5cdf3,Unknown Hotspot U-0325,13.0290264,77.5809543,27.1643,Medium,1.9083
Madiwala,MADIWALA-R01,1,N-01caeca6,BTP137 - Madiwala Traffic PS Junction,12.9233262,77.6198709,49.251,Critical,0.0
Madiwala,MADIWALA-R01,2,U-d4afc73a,Unknown Hotspot U-0001,12.925784,77.6191104,43.5244,High,0.2855
Madiwala,MADIWALA-R01,3,U-f8d5bbe9,Unknown Hotspot U-0281,12.9271671,77.6209591,19.497,Low,0.2526
Madiwala,MADIWALA-R01,4,N-625c70c2,BTP138 - Sarjapur Road Check Post,12.9266432,77.6166981,33.3676,High,0.4655
Madiwala,MADIWALA-R01,5,N-911b2c4b,BTP140 - Madiwala Check Post,12.9309067,77.6110863,34.0852,High,0.7711
Madiwala,MADIWALA-R01,6,N-ed3addfb,BTP136 - Hosur-Tavarkere Road Junction,12.9322893,77.6099702,30.7903,Medium,0.1956
Madiwala,MADIWALA-R01,7,N-57ddd43e,"BTP164 - 29th Main Road, BTM Layout",12.9184253,77.6140273,18.8154,Low,1.6031
Madiwala,MADIWALA-R01,8,U-e78b7b20,Unknown Hotspot U-0392,12.9169888,77.6291196,27.6737,Medium,1.6435
Madiwala,MADIWALA-R01,9,U-28bd5e2d,Unknown Hotspot U-0033,12.9032496,77.6260082,22.6753,Low,1.5645
Magadi Road,MAGADIROAD-R01,1,N-7952534b,"BTP024 - NPS, Vijayanagar",12.9826246,77.548865,62.3519,Critical,0.0
Magadi Road,MAGADIROAD-R01,2,N-d667b098,BTP068 - Veeresh Theatre Junction,12.9785411,77.5465308,27.5559,Medium,0.5198
Magadi Road,MAGADIROAD-R01,3,N-005068d9,BTP067 - Jai Muni Rao Circle,12.9785525,77.5428695,31.0259,Medium,0.3967
Magadi Road,MAGADIROAD-R01,4,N-a97b3aaf,"BTP025 - Puttamma Choultry, Nagarbhavi",12.9800704,77.5383456,23.9143,Medium,0.5184
Magadi Road,MAGADIROAD-R01,5,N-b04a2733,BTP208 - Havanur Circle,12.9872026,77.5376829,26.3442,Medium,0.7963
Magadi Road,MAGADIROAD-R01,6,N-de2732a7,BTP069 - MC Circle,12.9751012,77.5482804,35.2679,High,1.769
Magadi Road,MAGADIROAD-R01,7,N-b129d65d,"BTP070 - Cholurpalya Junction, Magadi Road",12.9734843,77.5508059,39.3656,High,0.3274
Magadi Road,MAGADIROAD-R01,8,N-7d24ee8a,BTP071 - Prasanna Junction,12.9743695,77.5520342,36.5768,High,0.1655
Magadi Road,MAGADIROAD-R01,9,N-f67b4e1e,"BTP062 - Basava Mantapa, Dr. Rajkumar Road",12.9799118,77.5546504,56.0271,Critical,0.6783
Magadi Road,MAGADIROAD-R01,10,N-25d7a804,BTP061 - Bhashyam Circle,12.9842975,77.5546616,23.3666,Low,0.4877
Magadi Road,MAGADIROAD-R02,1,N-860b5ce5,BTP010 - Rajajinagar Entrance,12.9813152,77.559714,38.5755,High,0.0
Magadi Road,MAGADIROAD-R02,2,U-665c7113,Unknown Hotspot U-0049,12.9757349,77.5588195,36.5862,High,0.628
Magadi Road,MAGADIROAD-R02,3,N-0aa863b9,BTP074 - Leprosy Hospital Junction,12.9758469,77.5617957,42.5929,High,0.3227
Magadi Road,MAGADIROAD-R02,4,N-f30be51b,BTP091 - Sirsi Circle,12.9637822,77.5573579,36.2639,High,1.4251
Magadi Road,MAGADIROAD-R02,5,U-e8061dc4,Unknown Hotspot U-0065,12.9644023,77.5536829,44.5775,High,0.4042
Magadi Road,MAGADIROAD-R02,6,N-a94f27e6,BTP092 - Bangalore Builders Junction,12.9599587,77.554374,32.4182,High,0.4997
Magadi Road,MAGADIROAD-R02,7,N-99edbc8e,"BTP093 - Toll Gate, Mysore Road",12.9600387,77.5516903,33.5481,High,0.2909
Magadi Road,MAGADIROAD-R02,8,N-d0a7b59e,"BTP094 - Sri Skanda Complex, Mysore Road",12.9590233,77.5471796,8.148,Low,0.5017
Magadi Road,MAGADIROAD-R02,9,U-9fdd6f33,Unknown Hotspot U-0118,12.9666392,77.5478049,30.8322,Medium,0.8496
Magadi Road,MAGADIROAD-R02,10,N-c9fa6f77,BTP020 - Hosahalli Metro Station,12.9710538,77.5465548,23.0901,Low,0.5092
Mahadevapura,MAHADEVAPURA-R01,1,U-b8d94d80,Unknown Hotspot U-0064,12.9963162,77.6686363,54.5212,Critical,0.0
Mahadevapura,MAHADEVAPURA-R01,2,U-a8b079ec,Unknown Hotspot U-0020,13.0003425,77.6769195,53.8213,Critical,1.0029
Mahadevapura,MAHADEVAPURA-R01,3,U-ab6f011b,Unknown Hotspot U-0194,13.0001795,77.6850793,27.8672,Medium,0.8843
Mahadevapura,MAHADEVAPURA-R01,4,U-40ec80fe,Unknown Hotspot U-0080,12.998918,77.6881467,37.4081,High,0.3607
Mahadevapura,MAHADEVAPURA-R01,5,U-678a42ba,Unknown Hotspot U-0372,12.9908942,77.6877229,23.1875,Low,0.8934
Mahadevapura,MAHADEVAPURA-R01,6,U-3f41b525,Unknown Hotspot U-0244,12.9867021,77.6901162,33.3744,High,0.5334
Mahadevapura,MAHADEVAPURA-R01,7,U-9abd8ada,Unknown Hotspot U-0079,12.9791509,77.6951531,48.0321,Critical,1.0014
Mahadevapura,MAHADEVAPURA-R01,8,U-d8816a39,Unknown Hotspot U-0260,12.9752757,77.6974681,28.295,Medium,0.4986
Mahadevapura,MAHADEVAPURA-R01,9,U-5fab61d9,Unknown Hotspot U-0337,12.9791048,77.709662,38.071,High,1.3882
Mahadevapura,MAHADEVAPURA-R01,10,U-d87d356f,Unknown Hotspot U-0269,12.977901,77.7129209,33.071,High,0.3776
Mahadevapura,MAHADEVAPURA-R02,1,U-b00c0efe,Unknown Hotspot U-0251,12.9846113,77.7082782,36.0321,High,0.0
Mahadevapura,MAHADEVAPURA-R02,2,U-e8b2a3ad,Unknown Hotspot U-0250,12.9875019,77.7092594,30.0233,Medium,0.3385
Mahadevapura,MAHADEVAPURA-R02,3,U-b62b8f75,Unknown Hotspot U-0076,12.9891477,77.7119371,23.0678,Low,0.343
Mahadevapura,MAHADEVAPURA-R02,4,U-97d3f423,Unknown Hotspot U-0204,12.9921852,77.7158057,24.3653,Medium,0.5383
Mahadevapura,MAHADEVAPURA-R02,5,U-bf482503,Unknown Hotspot U-0294,12.9936064,77.7172537,28.6943,Medium,0.2227
Mahadevapura,MAHADEVAPURA-R02,6,U-957aa5df,Unknown Hotspot U-0017,12.9955942,77.6956979,47.3227,Critical,2.346
Mahadevapura,MAHADEVAPURA-R02,7,U-f1352255,Unknown Hotspot U-0113,13.0046674,77.7571085,29.3307,Medium,6.7296
Mahadevapura,MAHADEVAPURA-R02,8,U-2496b1e7,Unknown Hotspot U-0030,13.0090398,77.7588526,20.9434,Low,0.5216
Malleshwaram,MALLESHWARAM-R01,1,N-6277ce3c,"BTP026 - 1st Block Junction, Rajajinagar",13.0024745,77.5501316,60.7031,Critical,0.0
Malleshwaram,MALLESHWARAM-R01,2,N-ecd37ab6,BTP027 - Modi Bridge Junction,12.9997609,77.5499271,41.6049,High,0.3026
Malleshwaram,MALLESHWARAM-R01,3,N-33d460f0,"BTP182 - 19th Main Junction, Rajajinagar",12.9996773,77.5506575,42.0289,High,0.0797
Malleshwaram,MALLESHWARAM-R01,4,N-3644eecf,BTP008 - Navarang Theatre,12.9985781,77.5530362,43.7337,High,0.2852
Malleshwaram,MALLESHWARAM-R01,5,N-42217741,"BTP011 - RR Kalyana Mantapa, Dr. Rajkumar Road",12.9982901,77.5577461,21.7463,Low,0.5113
Malleshwaram,MALLESHWARAM-R01,6,U-573c0e12,Unknown Hotspot U-0384,13.004758,77.5623875,31.3269,Medium,0.8776
Malleshwaram,MALLESHWARAM-R01,7,U-f89dd032,Unknown Hotspot U-0312,13.0060212,77.5647689,30.2797,Medium,0.2938
Malleshwaram,MALLESHWARAM-R01,8,U-6a2c3097,Unknown Hotspot U-0247,13.0068266,77.5681399,32.6416,High,0.376
Malleshwaram,MALLESHWARAM-R01,9,U-684cbce9,Unknown Hotspot U-0298,13.0118992,77.5690461,29.1273,Medium,0.5725
Malleshwaram,MALLESHWARAM-R01,10,U-29d2981c,Unknown Hotspot U-0031,13.0003015,77.5710868,46.5596,Critical,1.3084
Malleshwaram,MALLESHWARAM-R02,1,U-a9726f36,Unknown Hotspot U-0215,13.0079288,77.5569859,36.5865,High,0.0
Malleshwaram,MALLESHWARAM-R02,2,N-a2e845b1,"BTP001 - 10th Cross, Dr. Rajkumar Road",13.0078114,77.5546534,49.7612,Critical,0.253
Malleshwaram,MALLESHWARAM-R02,3,U-be9ac128,Unknown Hotspot U-0029,13.0115214,77.5539046,49.2732,Critical,0.4204
Malleshwaram,MALLESHWARAM-R02,4,U-4d281c47,Unknown Hotspot U-0136,13.0153323,77.5552015,49.1909,Critical,0.4464
Malleshwaram,MALLESHWARAM-R02,5,N-b4cf7d8f,BTP023 - Mahalaxmi Layout Entrance,13.0099868,77.5499506,50.2034,Critical,0.8228
Mico Layout,MICOLAYOUT-R01,1,N-98d1ff4a,"BTP163 - 16th Main Road, BTM Layout",12.9149953,77.6085201,61.0686,Critical,0.0
Mico Layout,MICOLAYOUT-R01,2,U-32926ee3,Unknown Hotspot U-0275,12.9135991,77.6053213,32.9264,High,0.3799
Mico Layout,MICOLAYOUT-R01,3,N-38093995,"BTP202 - East End Main Road, Jayanagar",12.9151981,77.6002216,21.2289,Low,0.5806
Mico Layout,MICOLAYOUT-R01,4,N-0419f7d7,BTP128 - Gorappanapalya Junction,12.92028,77.6005895,22.29,Low,0.5665
Mico Layout,MICOLAYOUT-R01,5,U-0e0b3934,Unknown Hotspot U-0348,12.924071,77.6095016,28.6442,Medium,1.0539
Mico Layout,MICOLAYOUT-R01,6,U-01c5460e,Unknown Hotspot U-0302,12.9222759,77.6104548,31.1276,Medium,0.2248
Mico Layout,MICOLAYOUT-R01,7,U-80f6a952,Unknown Hotspot U-0053,12.9271022,77.6090337,41.4547,High,0.5583
Mico Layout,MICOLAYOUT-R01,8,N-0e2a889b,BTP140 - Madiwala Check Post,12.9303006,77.6096912,43.3954,High,0.3627
Mico Layout,MICOLAYOUT-R01,9,U-10742d64,Unknown Hotspot U-0085,12.9308782,77.6065274,40.9885,High,0.3488
Mico Layout,MICOLAYOUT-R01,10,N-3b915859,BTP136 - Hosur-Tavarkere Road Junction,12.9339667,77.6080774,42.1703,High,0.3823
Mico Layout,MICOLAYOUT-R02,1,N-9d88528b,BTP126 - Dairy Circle,12.9364045,77.6026033,34.9145,High,0.0
Mico Layout,MICOLAYOUT-R02,2,N-d40fa43d,"BTP127 - Sagar Hospital, Jayanagar",12.9309902,77.6023945,17.485,Low,0.6025
Mico Layout,MICOLAYOUT-R02,3,N-6a740489,"BTP164 - 29th Main Road, BTM Layout",12.9151764,77.6158281,22.777,Low,2.2829
Mico Layout,MICOLAYOUT-R02,4,N-f6ae8e50,BTP130 - GD Mara Junction,12.9081999,77.6009898,34.4296,High,1.7855
Mico Layout,MICOLAYOUT-R02,5,N-ba61d7c4,BTP181 - Bileka Halli Junction,12.9006158,77.6010865,8.5249,Low,0.8434
No Police Station,NOPOLICESTAT-R01,1,U-b5b3ce01,Unknown Hotspot U-0100,13.0586889,77.4664061,32.8115,High,0.0
No Police Station,NOPOLICESTAT-R01,2,U-8bbde975,Unknown Hotspot U-0318,13.060787,77.4612433,19.1609,Low,0.6059
No Police Station,NOPOLICESTAT-R01,3,U-bf488669,Unknown Hotspot U-0310,13.0574104,77.4727042,22.3124,Low,1.297
No Police Station,NOPOLICESTAT-R01,4,U-de581e07,Unknown Hotspot U-0283,13.0520301,77.4874476,16.9967,Low,1.7054
No Police Station,NOPOLICESTAT-R01,5,N-94472268,BTP067 - Jai Muni Rao Circle,12.9789988,77.540463,10.0068,Low,9.9466
No Police Station,NOPOLICESTAT-R01,6,N-21b6ea5c,BTP028 - Vijayanagar Bus Stand Junction,12.9721151,77.537598,7.5636,Low,0.826
No Police Station,NOPOLICESTAT-R01,7,N-41ec3396,"BTP022 - Marenahalli Junction, Vijayanagar",12.9689726,77.5370644,18.9036,Low,0.3542
No Police Station,NOPOLICESTAT-R01,8,N-a3ef4e0c,"BTP016 - 5th Main Road, RPC Layout",12.9649059,77.5388765,19.146,Low,0.493
No Police Station,NOPOLICESTAT-R01,9,N-5a8fba0e,BTP057 - Anand Rao Junction,12.9790986,77.575091,20.4247,Low,4.2296
No Police Station,NOPOLICESTAT-R01,10,N-bbc3bc4d,BTP082 - KR Market Junction,12.9633794,77.5801768,7.5636,Low,1.8327
No Police Station,NOPOLICESTAT-R02,1,U-63b90cf1,Unknown Hotspot U-0323,12.8835077,77.7522697,32.7525,High,0.0
Peenya,PEENYA-R01,1,U-782f6fa3,Unknown Hotspot U-0192,13.0399003,77.5185571,43.6051,High,0.0
Peenya,PEENYA-R01,2,U-9d962149,Unknown Hotspot U-0182,13.0419043,77.514472,36.5339,High,0.4955
Peenya,PEENYA-R01,3,U-ae1531d4,Unknown Hotspot U-0386,13.0356558,77.5140492,26.2881,Medium,0.6963
Peenya,PEENYA-R01,4,U-b6f5dc4d,Unknown Hotspot U-0010,13.0453957,77.5071079,36.8245,High,1.3185
Peenya,PEENYA-R01,5,U-59b4cc9e,Unknown Hotspot U-0090,13.0471034,77.500994,39.1511,High,0.689
Peenya,PEENYA-R01,6,U-3591e845,Unknown Hotspot U-0024,13.0105397,77.5064419,35.2164,High,4.1083
Peenya,PEENYA-R01,7,U-e5aa9ce4,Unknown Hotspot U-0397,12.9985954,77.5241514,20.9948,Low,2.3335
Pulikeshinagar(F.Town),PULIKESHINAG-R01,1,U-7b0d6efd,Unknown Hotspot U-0003,12.9955252,77.6126859,43.5542,High,0.0
Pulikeshinagar(F.Town),PULIKESHINAG-R01,2,U-aa7645bc,Unknown Hotspot U-0229,12.9924885,77.611933,25.6968,Medium,0.3474
Pulikeshinagar(F.Town),PULIKESHINAG-R01,3,U-c0c630cb,Unknown Hotspot U-0230,12.9905091,77.6121291,37.5399,High,0.2211
Pulikeshinagar(F.Town),PULIKESHINAG-R01,4,U-3ccf1f27,Unknown Hotspot U-0303,12.9891708,77.6089612,27.1174,Medium,0.3741
Pulikeshinagar(F.Town),PULIKESHINAG-R01,5,U-3ab5658d,Unknown Hotspot U-0364,12.9868135,77.6084899,25.6005,Medium,0.267
Pulikeshinagar(F.Town),PULIKESHINAG-R01,6,U-831ea0cd,Unknown Hotspot U-0382,12.9913028,77.6071847,22.088,Low,0.5188
Pulikeshinagar(F.Town),PULIKESHINAG-R01,7,U-70ee66e9,Unknown Hotspot U-0126,12.9913406,77.6050233,28.1633,Medium,0.2342
Pulikeshinagar(F.Town),PULIKESHINAG-R01,8,U-d088d7db,Unknown Hotspot U-0089,13.0003886,77.611338,41.3426,High,1.2167
Pulikeshinagar(F.Town),PULIKESHINAG-R01,9,U-fe25d864,Unknown Hotspot U-0246,13.0004497,77.6153503,29.5745,Medium,0.4348
Pulikeshinagar(F.Town),PULIKESHINAG-R01,10,U-ec947815,Unknown Hotspot U-0398,13.0001501,77.6185805,24.828,Medium,0.3516
Pulikeshinagar(F.Town),PULIKESHINAG-R02,1,U-c721a8b3,Unknown Hotspot U-0394,12.9992086,77.6195757,25.7469,Medium,0.0
Pulikeshinagar(F.Town),PULIKESHINAG-R02,2,U-9be4fa62,Unknown Hotspot U-0363,13.000594,77.6217801,18.444,Low,0.2842
Pulikeshinagar(F.Town),PULIKESHINAG-R02,3,U-53d74bb5,Unknown Hotspot U-0158,12.9993034,77.62484,30.1353,Medium,0.3613
Pulikeshinagar(F.Town),PULIKESHINAG-R02,4,U-ca1987f9,Unknown Hotspot U-0333,13.0059966,77.6206483,36.8716,High,0.8719
Pulikeshinagar(F.Town),PULIKESHINAG-R02,5,U-e2025135,Unknown Hotspot U-0345,13.007129,77.6215888,27.1016,Medium,0.162
Pulikeshinagar(F.Town),PULIKESHINAG-R02,6,U-12cee03d,Unknown Hotspot U-0130,12.9874386,77.6186903,33.8894,High,2.2119
R.T. Nagar,RTNAGAR-R01,1,U-b8b2e331,Unknown Hotspot U-0170,13.0054991,77.5936226,40.4299,High,0.0
R.T. Nagar,RTNAGAR-R01,2,U-a670f33d,Unknown Hotspot U-0349,13.0013873,77.5953911,28.5538,Medium,0.4957
R.T. Nagar,RTNAGAR-R01,3,U-19f16ef2,Unknown Hotspot U-0388,12.9996177,77.5967949,23.5458,Medium,0.2487
R.T. Nagar,RTNAGAR-R01,4,U-0f617a3a,Unknown Hotspot U-0391,12.997895,77.605091,19.6276,Low,0.919
R.T. Nagar,RTNAGAR-R01,5,U-ff64affd,Unknown Hotspot U-0268,13.0108098,77.5951418,17.1055,Low,1.7956
R.T. Nagar,RTNAGAR-R01,6,U-f0d0546f,Unknown Hotspot U-0266,13.017621,77.5916759,36.5846,High,0.8453
R.T. Nagar,RTNAGAR-R01,7,U-2746b729,Unknown Hotspot U-0041,13.0229226,77.5928981,37.012,High,0.6042
R.T. Nagar,RTNAGAR-R01,8,U-895c2b48,Unknown Hotspot U-0332,13.0245985,77.5898402,19.9196,Low,0.3801
R.T. Nagar,RTNAGAR-R01,9,U-555c9911,Unknown Hotspot U-0051,13.0250599,77.5853057,38.648,High,0.4939
R.T. Nagar,RTNAGAR-R01,10,U-887ec7e9,Unknown Hotspot U-0120,13.0205572,77.5841275,29.8373,Medium,0.5167
R.T. Nagar,RTNAGAR-R02,1,N-22450ed7,BTP030 - Mekhri Circle,13.0184088,77.5848904,24.6089,Medium,0.0
Rajajinagar,RAJAJINAGAR-R01,1,N-04746066,"BTP011 - RR Kalyana Mantapa, Dr. Rajkumar Road",12.9936333,77.5537389,69.8299,Critical,0.0
Rajajinagar,RAJAJINAGAR-R01,2,N-a33038d5,"BTP204 - ESI Hospital, Rajajinagar",12.9903589,77.553735,45.604,Critical,0.3641
Rajajinagar,RAJAJINAGAR-R01,3,N-29abb4cd,"BTP170 - Dr. Bheem Rao Palace, Chord Road",12.9905298,77.5516247,49.0013,Critical,0.2294
Rajajinagar,RAJAJINAGAR-R01,4,N-c6f97e86,BTP018 - Dhobi Ghat Junction,12.9873282,77.5505194,35.3859,High,0.3756
Rajajinagar,RAJAJINAGAR-R01,5,N-489f153c,"BTP024 - NPS, Vijayanagar",12.9855298,77.5494596,19.4843,Low,0.2306
Rajajinagar,RAJAJINAGAR-R01,6,N-208e198e,BTP061 - Bhashyam Circle,12.9852373,77.5538787,40.5713,High,0.4799
Rajajinagar,RAJAJINAGAR-R01,7,N-95d38317,"BTP210 - 50th cross, 12th Main , Rajajinagar",12.9869792,77.5551246,39.2517,High,0.2361
Rajajinagar,RAJAJINAGAR-R01,8,N-354315d8,"BTP015 - Suguna Hospital, Dr. Rajkumar Road",12.9877104,77.5594992,37.4472,High,0.4809
Rajajinagar,RAJAJINAGAR-R01,9,N-77e74241,BTP010 - Rajajinagar Entrance,12.9844548,77.5600076,35.5843,High,0.3662
Rajajinagar,RAJAJINAGAR-R01,10,N-d9734b73,BTP006 - Navarang Bar Junction,12.9909781,77.5575959,30.9887,Medium,0.771
Rajajinagar,RAJAJINAGAR-R02,1,N-721433da,BTP009 - Prakash Nagar Junction,12.9925179,77.5576327,53.4204,Critical,0.0
Rajajinagar,RAJAJINAGAR-R02,2,N-ad921a31,BTP008 - Navarang Theatre,12.9981231,77.5533361,36.444,High,0.7779
Rajajinagar,RAJAJINAGAR-R02,3,N-82a2a9e2,"BTP182 - 19th Main Junction, Rajajinagar",12.996562,77.5515603,37.2276,High,0.2591
Rajajinagar,RAJAJINAGAR-R02,4,N-85c545c1,BTP027 - Modi Bridge Junction,12.9992733,77.5493148,58.1,Critical,0.3874
Rajajinagar,RAJAJINAGAR-R02,5,N-d3aa905e,BTP205 - Modi Hospital Junction,12.9976781,77.5475278,30.5413,Medium,0.2626
Rajajinagar,RAJAJINAGAR-R02,6,N-ba85aea1,"BTP026 - 1st Block Junction, Rajajinagar",13.0016552,77.5492515,22.2045,Low,0.48
Rajajinagar,RAJAJINAGAR-R02,7,N-e40a01aa,BTP023 - Mahalaxmi Layout Entrance,13.0080386,77.5485167,40.2386,High,0.7143
Rajajinagar,RAJAJINAGAR-R02,8,U-e89e18bb,Unknown Hotspot U-0108,13.0088163,77.5430917,39.9792,High,0.5941
Rajajinagar,RAJAJINAGAR-R02,9,U-b7d4e8a4,Unknown Hotspot U-0280,13.0106276,77.5359806,33.0262,High,0.7963
Rajajinagar,RAJAJINAGAR-R02,10,U-d0a9584e,Unknown Hotspot U-0314,13.0131295,77.5347332,30.2554,Medium,0.3093
Rajajinagar,RAJAJINAGAR-R03,1,U-bf936b69,Unknown Hotspot U-0056,13.0177174,77.531491,50.1708,Critical,0.0
Rajajinagar,RAJAJINAGAR-R03,2,U-19991bc5,Unknown Hotspot U-0039,13.0221448,77.5325787,43.2677,High,0.5062
Rajajinagar,RAJAJINAGAR-R03,3,U-31972c11,Unknown Hotspot U-0159,13.019648,77.5386651,35.7233,High,0.7154
Rajajinagar,RAJAJINAGAR-R03,4,U-5bd05ea4,Unknown Hotspot U-0195,13.0159939,77.5439928,27.9657,Medium,0.7059
Rajajinagar,RAJAJINAGAR-R03,5,U-c7f60972,Unknown Hotspot U-0162,13.016078,77.5499618,31.3056,Medium,0.6467
Rajajinagar,RAJAJINAGAR-R03,6,N-ecd956fc,"BTP206 - Shankara Mutt Circle, Vijayanagar",13.0003782,77.5421243,27.4788,Medium,1.9413
Rajajinagar,RAJAJINAGAR-R03,7,U-0528ec4e,Unknown Hotspot U-0139,13.0017796,77.5257616,40.2848,High,1.7796
Rajajinagar,RAJAJINAGAR-R03,8,U-77faf0f7,Unknown Hotspot U-0077,13.0077453,77.5268215,48.285,Critical,0.6732
Rajajinagar,RAJAJINAGAR-R03,9,U-f0635118,Unknown Hotspot U-0301,13.0116136,77.5288472,36.0016,High,0.4829
Sadashivanagar,SADASHIVANAG-R01,1,N-d4211aeb,BTP030 - Mekhri Circle,13.0114713,77.5835619,52.6704,Critical,0.0
Sadashivanagar,SADASHIVANAG-R01,2,U-7765280c,Unknown Hotspot U-0093,13.007385,77.5792626,34.9861,High,0.6507
Sadashivanagar,SADASHIVANAG-R01,3,U-20e31028,Unknown Hotspot U-0206,13.0055817,77.5806627,30.9133,Medium,0.2514
Sadashivanagar,SADASHIVANAG-R01,4,U-8e5d9110,Unknown Hotspot U-0326,12.9993112,77.583791,23.6022,Medium,0.7753
Sadashivanagar,SADASHIVANAG-R01,5,U-783a29c8,Unknown Hotspot U-0068,13.0278618,77.5747026,39.2157,High,3.3239
Sadashivanagar,SADASHIVANAG-R01,6,U-3d2421e0,Unknown Hotspot U-0238,13.03534,77.567507,22.8417,Low,1.1398
Sheshadripuram,SHESHADRIPUR-R01,1,N-33c3fcc9,BTP057 - Anand Rao Junction,12.9811778,77.5728234,42.7589,High,0.0
Sheshadripuram,SHESHADRIPUR-R01,2,U-3edb1d79,Unknown Hotspot U-0239,12.9852282,77.572417,22.7809,Low,0.4525
Sheshadripuram,SHESHADRIPUR-R01,3,U-79059227,Unknown Hotspot U-0278,12.987322,77.5678935,22.1856,Low,0.5426
Sheshadripuram,SHESHADRIPUR-R01,4,U-dc58605a,Unknown Hotspot U-0233,12.9933323,77.5681619,31.2352,Medium,0.6689
Sheshadripuram,SHESHADRIPUR-R01,5,U-3ea59f70,Unknown Hotspot U-0011,12.9964644,77.5627319,38.1621,High,0.6837
Sheshadripuram,SHESHADRIPUR-R01,6,N-97f5d91a,BTP010 - Rajajinagar Entrance,12.9827114,77.5630967,28.5546,Medium,1.5298
Sheshadripuram,SHESHADRIPUR-R01,7,N-313d48e9,BTP054 - Shivananda Circle,12.9884258,77.5771857,29.1595,Medium,1.6535
Sheshadripuram,SHESHADRIPUR-R01,8,U-3eb47958,Unknown Hotspot U-0168,12.9980316,77.5815248,33.0207,High,1.167
Sheshadripuram,SHESHADRIPUR-R01,9,N-99914d65,BTP032 - Windsor Circle,12.9966407,77.5841631,33.8245,High,0.325
Shivajinagar,SHIVAJINAGAR-R01,1,N-2d5e02cf,BTP211 - Central Street Junction,12.9833849,77.6034593,58.8442,Critical,0.0
Shivajinagar,SHIVAJINAGAR-R01,2,U-f8c666a8,Unknown Hotspot U-0032,12.9856442,77.60551,51.1249,Critical,0.3354
Shivajinagar,SHIVAJINAGAR-R01,3,U-75038811,Unknown Hotspot U-0346,12.9875068,77.6019629,39.5266,High,0.4366
Shivajinagar,SHIVAJINAGAR-R01,4,U-3dd4f84e,Unknown Hotspot U-0107,12.9895231,77.5997852,52.4555,Critical,0.3255
Shivajinagar,SHIVAJINAGAR-R01,5,N-aa2f1a40,BTP171 - Indian Express (Balekundri),12.9862665,77.5991399,43.1403,High,0.3688
Shivajinagar,SHIVAJINAGAR-R01,6,N-890ad694,BTP173 - TMC,12.9823149,77.5987504,40.249,High,0.4414
Shivajinagar,SHIVAJINAGAR-R01,7,N-d95d2bb1,BTP042 - Minsk Square Junction (CTO),12.9812429,77.5985292,51.2759,Critical,0.1216
Shivajinagar,SHIVAJINAGAR-R01,8,N-a0b5be6e,BTP051 - Safina Plaza Junction,12.981272,77.6087061,56.9081,Critical,1.1027
Shivajinagar,SHIVAJINAGAR-R01,9,U-92862bb1,Unknown Hotspot U-0022,12.9822757,77.6115233,54.769,Critical,0.325
Shivajinagar,SHIVAJINAGAR-R01,10,U-90976faf,Unknown Hotspot U-0228,12.9901272,77.6037974,29.5271,Medium,1.2095
Thalagattapura,THALAGATTAPU-R01,1,U-082f8234,Unknown Hotspot U-0046,12.8885892,77.5626791,32.9181,High,0.0
Thalagattapura,THALAGATTAPU-R01,2,U-739f9963,Unknown Hotspot U-0350,12.8920728,77.572127,20.2176,Low,1.0949
Thalagattapura,THALAGATTAPU-R01,3,U-8d9983c9,Unknown Hotspot U-0315,12.8833034,77.5488861,19.4689,Low,2.7013
Thalagattapura,THALAGATTAPU-R01,4,U-c6a2e643,Unknown Hotspot U-0328,12.8795786,77.5453776,18.4066,Low,0.5623
Thalagattapura,THALAGATTAPU-R01,5,U-1ee2a871,Unknown Hotspot U-0129,12.8757698,77.5438297,24.8474,Medium,0.4555
Thalagattapura,THALAGATTAPU-R01,6,U-8a461593,Unknown Hotspot U-0276,12.8741873,77.5408085,23.9165,Medium,0.3718
Thalagattapura,THALAGATTAPU-R01,7,U-aaf26e82,Unknown Hotspot U-0210,12.8717727,77.5390003,25.6896,Medium,0.3324
Thalagattapura,THALAGATTAPU-R01,8,U-384267ec,Unknown Hotspot U-0351,12.8693697,77.5368552,23.7703,Medium,0.3542
Thalagattapura,THALAGATTAPU-R01,9,U-0cebaab4,Unknown Hotspot U-0371,12.862511,77.5303238,22.6642,Low,1.0406
Thalagattapura,THALAGATTAPU-R01,10,U-784baa70,Unknown Hotspot U-0307,12.8610416,77.5295005,23.6703,Medium,0.1862
Upparpet,UPPARPET-R01,1,N-30e36d1e,BTP058 - Subbanna Junction,12.9787965,77.5787497,66.4497,Critical,0.0
Upparpet,UPPARPET-R01,2,U-860aeb22,Unknown Hotspot U-0091,12.9788182,77.5816307,48.2418,Critical,0.3122
Upparpet,UPPARPET-R01,3,N-ee753b79,BTP053 - Three Let Junction,12.9800068,77.5814892,46.6435,Critical,0.1331
Upparpet,UPPARPET-R01,4,N-4fae87f0,BTP052 - CID Carlton House Junction,12.9786016,77.5834311,31.7265,Medium,0.2621
Upparpet,UPPARPET-R01,5,N-a6be7fc5,BTP037 - KR Circle,12.9766307,77.583476,39.4376,High,0.2192
Upparpet,UPPARPET-R01,6,N-51b0b4b8,BTP038 - Mysore Bank Junction,12.9740976,77.5810919,58.6897,Critical,0.3822
Upparpet,UPPARPET-R01,7,N-5286fee2,BTP044 - Sagar Theatre Junction,12.9750545,77.5789751,61.9884,Critical,0.2528
Upparpet,UPPARPET-R01,8,N-2fb5e349,BTP040 - Elite Junction,12.9765967,77.5766022,60.0228,Critical,0.3091
Upparpet,UPPARPET-R01,9,N-753ac65a,BTP045 - Danvanthri Road Junction,12.9770651,77.5747896,64.4951,Critical,0.2032
Upparpet,UPPARPET-R01,10,N-59a97111,BTP057 - Anand Rao Junction,12.9792514,77.5744493,66.0319,Critical,0.2459
Upparpet,UPPARPET-R02,1,N-7a3984a5,BTP048 - Shanthala Junction,12.9763055,77.5716207,49.0307,Critical,0.0
Upparpet,UPPARPET-R02,2,N-2b045709,BTP043 - Upparpet Junction,12.9741837,77.5746187,54.8097,Critical,0.4015
V.V.Puram (C.Pet),VVPURAMCPET-R01,1,N-40baa05f,BTP082 - KR Market Junction,12.9638974,77.5763361,47.4144,Critical,0.0
V.V.Puram (C.Pet),VVPURAMCPET-R01,2,N-14f8e9ca,"BTP083 - AS Char Street, Mysore Road",12.9643791,77.5742978,38.4194,High,0.2273
V.V.Puram (C.Pet),VVPURAMCPET-R01,3,N-f6ca4bdc,BTP085 - Briyand Circle,12.9640597,77.5709812,29.6023,Medium,0.3611
V.V.Puram (C.Pet),VVPURAMCPET-R01,4,N-9975cfdc,BTP213 - Royan Circle,12.9605062,77.5701519,8.5864,Low,0.4052
V.V.Puram (C.Pet),VVPURAMCPET-R01,5,N-6e2ba48c,BTP212 - Minto Junction,12.9603143,77.5714076,33.8813,High,0.1377
V.V.Puram (C.Pet),VVPURAMCPET-R01,6,N-6feb0773,BTP104 - Medical College Circle,12.9595865,77.5741658,26.5685,Medium,0.3096
V.V.Puram (C.Pet),VVPURAMCPET-R01,7,N-a0e1705c,BTP105 - Shivasankara Circle,12.9569026,77.5741661,30.2269,Medium,0.2984
V.V.Puram (C.Pet),VVPURAMCPET-R01,8,N-376c63b3,BTP118 - Basappa Circle,12.9562014,77.577347,23.4233,Low,0.3534
V.V.Puram (C.Pet),VVPURAMCPET-R01,9,N-1aaadd0f,BTP119 - Minerva Circle,12.9543174,77.5795833,21.3477,Low,0.3203
V.V.Puram (C.Pet),VVPURAMCPET-R01,10,N-ab155ed0,BTP184 - Lalbagh West Gate,12.9495224,77.5790568,12.2524,Low,0.5362
V.V.Puram (C.Pet),VVPURAMCPET-R02,1,N-dfce61cf,BTP193 - Vasavi Circle,12.9499186,77.5768182,25.4944,Medium,0.0
V.V.Puram (C.Pet),VVPURAMCPET-R02,2,N-283e1c6c,BTP106 - VV Puram College,12.952855,77.5744949,34.3136,High,0.4123
V.V.Puram (C.Pet),VVPURAMCPET-R02,3,N-9f3a9702,BTP107 - National College Junction,12.9490965,77.5728812,22.4984,Low,0.453
V.V.Puram (C.Pet),VVPURAMCPET-R02,4,N-6a74cced,BTP215 - Vanivillas Junction,12.9502688,77.5697285,17.7488,Low,0.3657
V.V.Puram (C.Pet),VVPURAMCPET-R02,5,N-073939d0,BTP214 - 5th Main Chamrajpet Junction,12.9557948,77.5674536,23.8626,Medium,0.6621
V.V.Puram (C.Pet),VVPURAMCPET-R02,6,N-f6987419,BTP217 - Baleyele Junction,12.9573813,77.5694478,25.8478,Medium,0.279
Vijayanagara,VIJAYANAGARA-R01,1,N-936fc9f8,BTP069 - MC Circle,12.9744703,77.5472796,55.7603,Critical,0.0
Vijayanagara,VIJAYANAGARA-R01,2,N-5302b13a,BTP020 - Hosahalli Metro Station,12.9741947,77.5452736,42.7085,High,0.2195
Vijayanagara,VIJAYANAGARA-R01,3,N-db316af4,BTP068 - Veeresh Theatre Junction,12.9769534,77.5454316,38.6884,High,0.3072
Vijayanagara,VIJAYANAGARA-R01,4,N-40e5578e,BTP067 - Jai Muni Rao Circle,12.978439,77.5424976,29.1002,Medium,0.3583
Vijayanagara,VIJAYANAGARA-R01,5,N-547b8b4e,"BTP025 - Puttamma Choultry, Nagarbhavi",12.9771706,77.5380386,17.7297,Low,0.5033
Vijayanagara,VIJAYANAGARA-R01,6,N-ad689fd9,BTP028 - Vijayanagar Bus Stand Junction,12.9725692,77.5380619,41.2546,High,0.5117
Vijayanagara,VIJAYANAGARA-R01,7,N-759526c1,"BTP022 - Marenahalli Junction, Vijayanagar",12.9687797,77.5367343,40.6313,High,0.4453
Vijayanagara,VIJAYANAGARA-R01,8,N-de82a7cc,"BTP016 - 5th Main Road, RPC Layout",12.9652474,77.5378391,42.5455,High,0.4106
Vijayanagara,VIJAYANAGARA-R01,9,U-c138ca91,Unknown Hotspot U-0171,12.9643486,77.5411404,35.546,High,0.3714
Vijayanagara,VIJAYANAGARA-R01,10,U-f1caeaad,Unknown Hotspot U-0103,12.9668709,77.5433996,29.9918,Medium,0.3723
Vijayanagara,VIJAYANAGARA-R02,1,U-ef1f763d,Unknown Hotspot U-0141,12.9688915,77.545569,33.5709,High,0.0
Vijayanagara,VIJAYANAGARA-R02,2,N-0da7c5ce,BTP017 - Attiguppe Circle,12.9605165,77.5343879,25.4178,Medium,1.5281
Vijayanagara,VIJAYANAGARA-R02,3,N-2a4ca7e5,BTP214 - 5th Main Chamrajpet Junction,12.9759017,77.5315566,42.2821,High,1.738
Vijayanagara,VIJAYANAGARA-R02,4,N-19fcd432,BTP208 - Havanur Circle,12.9886218,77.5376877,39.1058,High,1.5627
Vijayanagara,VIJAYANAGARA-R02,5,N-53e92715,BTP207 - 8th Main Road Basaveshwara Nagar,12.9918975,77.5384735,37.7613,High,0.3741
Vijayanagara,VIJAYANAGARA-R02,6,N-10dee132,"BTP206 - Shankara Mutt Circle, Vijayanagar",12.9985979,77.5414125,39.0543,High,0.8102
Vijayanagara,VIJAYANAGARA-R02,7,N-ad1b9d17,BTP205 - Modi Hospital Junction,12.9974811,77.5469324,43.7534,High,0.6108
Vijayanagara,VIJAYANAGARA-R02,8,N-3a10f2ef,BTP027 - Modi Bridge Junction,12.9975336,77.5493687,45.3133,Critical,0.264
Vijayanagara,VIJAYANAGARA-R02,9,N-d16ec81b,"BTP170 - Dr. Bheem Rao Palace, Chord Road",12.9900754,77.5504762,46.0756,Critical,0.838
Vijayanagara,VIJAYANAGARA-R02,10,N-bd083a57,BTP018 - Dhobi Ghat Junction,12.9878376,77.5492642,44.5391,High,0.2814
Vijayanagara,VIJAYANAGARA-R03,1,N-fadbdee6,"BTP024 - NPS, Vijayanagar",12.9852673,77.5480257,26.1068,Medium,0.0
Whitefield,WHITEFIELD-R01,1,U-3cf77393,Unknown Hotspot U-0149,12.9514364,77.7174912,49.8123,Critical,0.0
Whitefield,WHITEFIELD-R01,2,U-4288e597,Unknown Hotspot U-0187,12.9557599,77.7185076,32.1144,High,0.4932
Whitefield,WHITEFIELD-R01,3,U-cef64524,Unknown Hotspot U-0300,12.9557216,77.7208288,30.8513,Medium,0.2516
Whitefield,WHITEFIELD-R01,4,U-f90bde98,Unknown Hotspot U-0257,12.9563644,77.7321309,41.912,High,1.2268
Whitefield,WHITEFIELD-R01,5,U-2820290e,Unknown Hotspot U-0211,12.9629566,77.7329686,38.6987,High,0.7386
Whitefield,WHITEFIELD-R01,6,U-8ba26983,Unknown Hotspot U-0274,12.956615,77.7453822,30.2835,Medium,1.5188
Whitefield,WHITEFIELD-R01,7,U-d23d369d,Unknown Hotspot U-0362,12.9612264,77.7476995,25.4694,Medium,0.5709
Whitefield,WHITEFIELD-R01,8,U-f3a087f2,Unknown Hotspot U-0289,12.9661054,77.7491684,25.5959,Medium,0.5654
Whitefield,WHITEFIELD-R01,9,U-446f48e8,Unknown Hotspot U-0231,12.9688759,77.7498447,25.2223,Medium,0.3167
Whitefield,WHITEFIELD-R01,10,U-d3bc5650,Unknown Hotspot U-0207,12.9793106,77.7513361,25.7029,Medium,1.1715
Whitefield,WHITEFIELD-R02,1,U-1485b04a,Unknown Hotspot U-0342,12.983324,77.7521067,35.2515,High,0.0
Whitefield,WHITEFIELD-R02,2,U-131ae17f,Unknown Hotspot U-0245,12.9855012,77.7457358,30.487,Medium,0.7315
Whitefield,WHITEFIELD-R02,3,U-5e3433f6,Unknown Hotspot U-0054,12.9874324,77.7345597,41.2065,High,1.2298
Whitefield,WHITEFIELD-R02,4,U-4e656e25,Unknown Hotspot U-0216,12.9422498,77.7472366,39.7691,High,5.2085
Whitefield,WHITEFIELD-R02,5,U-a4a6a9d8,Unknown Hotspot U-0299,12.9381363,77.7467652,30.5403,Medium,0.4602
Whitefield,WHITEFIELD-R02,6,U-147a0e69,Unknown Hotspot U-0099,12.8966489,77.7200507,34.2741,High,5.4465
Wilson Garden,WILSONGARDEN-R01,1,N-0ebfa5bc,"BTP186 - 9th Cross, 4th Main, Jayanagar",12.939458,77.5838612,61.3192,Critical,0.0
Wilson Garden,WILSONGARDEN-R01,2,N-5c1bf5f3,BTP187 - South End Circle,12.9376297,77.5837723,20.9103,Low,0.2035
Wilson Garden,WILSONGARDEN-R01,3,N-f54bc40a,BTP218 - Syndicate Bank Junction,12.9369154,77.5849353,30.951,Medium,0.149
Wilson Garden,WILSONGARDEN-R01,4,U-4eaba823,Unknown Hotspot U-0135,12.937714,77.5851459,36.3273,High,0.0917
Wilson Garden,WILSONGARDEN-R01,5,U-ab590378,Unknown Hotspot U-0267,12.9415757,77.5851476,22.2424,Low,0.4294
Wilson Garden,WILSONGARDEN-R01,6,U-261e1aaa,Unknown Hotspot U-0322,12.9436335,77.5856894,21.3946,Low,0.2362
Wilson Garden,WILSONGARDEN-R01,7,N-ee3d2ef1,BTP185 - RV Teachers College,12.944189,77.5824647,25.0164,Medium,0.3549
Wilson Garden,WILSONGARDEN-R01,8,N-f7fe5406,BTP184 - Lalbagh West Gate,12.9485192,77.5805975,40.4927,High,0.5223
Wilson Garden,WILSONGARDEN-R01,9,N-71f141c1,BTP120 - Lalbagh Main Gate Junction,12.9539289,77.5848226,28.1771,Medium,0.756
Wilson Garden,WILSONGARDEN-R01,10,N-8c293a82,BTP192 - Urvashi Theater,12.9566555,77.5861343,35.2884,High,0.3349
Wilson Garden,WILSONGARDEN-R02,1,N-dda97889,BTP180 - Swagath Poornima Theatre,12.9587538,77.5868541,23.9537,Medium,0.0
Wilson Garden,WILSONGARDEN-R02,2,N-e2fbdfec,BTP103 - Shanti Nagar TTMC,12.9538742,77.5916228,27.9906,Medium,0.7493
Wilson Garden,WILSONGARDEN-R02,3,N-8a451507,"BTP102 - BMTC Junction, KH Road",12.9553143,77.5928938,27.7857,Medium,0.2112
Wilson Garden,WILSONGARDEN-R02,4,N-1c8299ea,BTP121 - KH Circle,12.9518537,77.5903747,32.1546,High,0.4718
Wilson Garden,WILSONGARDEN-R02,5,N-a7b466f4,BTP122 - Siddapura Junction,12.9484003,77.5927961,33.6015,High,0.4651
Wilson Garden,WILSONGARDEN-R02,6,N-595a75cd,"BTP123 - 10th Cross, Wilson Garden",12.9460309,77.5960577,37.6928,High,0.4408
Wilson Garden,WILSONGARDEN-R02,7,U-14a3f89a,Unknown Hotspot U-0378,12.9513288,77.5985492,25.2152,Medium,0.648
Wilson Garden,WILSONGARDEN-R02,8,N-d625c0a9,BTP134 - Mico Bande,12.9484892,77.6018453,11.7341,Low,0.4767
Wilson Garden,WILSONGARDEN-R02,9,N-8521b61a,BTP132 - Anepalya Junction,12.9510624,77.603372,12.5304,Low,0.3305
Wilson Garden,WILSONGARDEN-R02,10,N-51107403,BTP126 - Dairy Circle,12.9373618,77.5999048,28.5986,Medium,1.5691
Wilson Garden,WILSONGARDEN-R03,1,U-495638b8,Unknown Hotspot U-0197,12.9382689,77.5926256,29.5389,Medium,0.0
Wilson Garden,WILSONGARDEN-R03,2,U-7f95a75a,Unknown Hotspot U-0213,12.9461451,77.5878151,39.1546,High,1.0192
Yelahanka,YELAHANKA-R01,1,U-d5b25e3d,Unknown Hotspot U-0086,13.0972786,77.599327,50.0661,Critical,0.0
Yelahanka,YELAHANKA-R01,2,U-451d4eab,Unknown Hotspot U-0117,13.0936355,77.5942196,37.7319,High,0.6856
Yelahanka,YELAHANKA-R01,3,U-da08fe97,Unknown Hotspot U-0155,13.0996493,77.588657,29.484,Medium,0.9001
Yelahanka,YELAHANKA-R01,4,U-9bd6f085,Unknown Hotspot U-0330,13.0982793,77.5845631,21.1825,Low,0.4688
Yelahanka,YELAHANKA-R01,5,U-ecf4dc18,Unknown Hotspot U-0134,13.0990933,77.5770691,31.4033,Medium,0.8166
Yelahanka,YELAHANKA-R01,6,U-0bb3cc25,Unknown Hotspot U-0264,13.0985246,77.5736217,18.6245,Low,0.3787
Yelahanka,YELAHANKA-R01,7,U-7940bd79,Unknown Hotspot U-0224,13.1168201,77.5779627,26.0749,Medium,2.088
Yelahanka,YELAHANKA-R01,8,U-610e4d83,Unknown Hotspot U-0376,13.1199416,77.6100166,29.4734,Medium,3.4885
Yelahanka,YELAHANKA-R01,9,U-0247ded6,Unknown Hotspot U-0223,13.1219377,77.6114939,39.396,High,0.2736
Yelahanka,YELAHANKA-R01,10,U-6bbddca0,Unknown Hotspot U-0385,13.1214613,77.6145927,31.7277,High,0.3397
Yelahanka,YELAHANKA-R02,1,U-0f614069,Unknown Hotspot U-0271,13.12122,77.6175568,23.7042,Medium,0.0
Yelahanka,YELAHANKA-R02,2,U-9b52fbfc,Unknown Hotspot U-0270,13.1215969,77.621892,25.5453,Medium,0.4713
Yelahanka,YELAHANKA-R02,3,U-175d2faa,Unknown Hotspot U-0234,13.0817164,77.5482309,27.3878,Medium,9.1272
Yeshwanthpura,YESHWANTHPUR-R01,1,U-ee48a596,Unknown Hotspot U-0105,13.0301249,77.5373951,48.5197,Critical,0.0
Yeshwanthpura,YESHWANTHPUR-R01,2,U-ae364252,Unknown Hotspot U-0240,13.0331954,77.5340757,16.4747,Low,0.4959
Yeshwanthpura,YESHWANTHPUR-R01,3,U-44c92018,Unknown Hotspot U-0073,13.0274434,77.5428048,40.1281,High,1.1416
Yeshwanthpura,YESHWANTHPUR-R01,4,U-2f2b0b54,Unknown Hotspot U-0196,13.0247068,77.5470531,31.886,High,0.5517
Yeshwanthpura,YESHWANTHPUR-R01,5,U-1728b2db,Unknown Hotspot U-0390,13.0177717,77.5482334,24.5434,Medium,0.7817
Yeshwanthpura,YESHWANTHPUR-R01,6,U-838f2a9f,Unknown Hotspot U-0180,13.0189546,77.5532821,40.4178,High,0.5626
Yeshwanthpura,YESHWANTHPUR-R01,7,U-fcb30519,Unknown Hotspot U-0121,13.0189052,77.5577103,41.1562,High,0.4798
Yeshwanthpura,YESHWANTHPUR-R01,8,U-f169a5d8,Unknown Hotspot U-0374,13.022469,77.5630497,24.9321,Medium,0.7012
Yeshwanthpura,YESHWANTHPUR-R01,9,U-a2b1c776,Unknown Hotspot U-0164,13.0284059,77.5618733,27.3956,Medium,0.6723
Yeshwanthpura,YESHWANTHPUR-R01,10,U-5a858f99,Unknown Hotspot U-0308,13.0305441,77.5602381,15.4412,Low,0.2965
Yeshwanthpura,YESHWANTHPUR-R02,1,U-bd352858,Unknown Hotspot U-0279,13.0320473,77.5638549,20.6426,Low,0.0
Yeshwanthpura,YESHWANTHPUR-R02,2,U-a7079eda,Unknown Hotspot U-0098,13.0338245,77.5578323,41.2221,High,0.6817
Yeshwanthpura,YESHWANTHPUR-R02,3,U-4617b284,Unknown Hotspot U-0293,13.0211026,77.5284622,23.5182,Medium,3.482
